,AZN,Dates
0,43.829044,2010-01-04
1,44.240784,2010-01-05
2,44.921402,2010-01-06
3,46.425518,2010-01-07
4,46.568356,2010-01-08
5,46.425518,2010-01-11
6,46.391891,2010-01-12
7,46.610371,2010-01-13
8,47.072533,2010-01-14
9,47.080917,2010-01-15
10,47.862411,2010-01-19
11,46.996895,2010-01-20
12,45.988564,2010-01-21
13,45.408775,2010-01-22
14,45.744896,2010-01-25
15,45.845715,2010-01-26
16,44.45924,2010-01-27
17,43.854252,2010-01-28
18,43.627369,2010-01-29
19,43.862656,2010-02-01
20,44.660927,2010-02-02
21,44.148357,2010-02-03
22,42.929951,2010-02-04
23,42.904739,2010-02-05
24,43.215637,2010-02-08
25,43.618977,2010-02-09
26,43.375298,2010-02-10
27,43.837437,2010-02-11
28,43.745014,2010-02-12
29,44.366829,2010-02-16
30,44.5937,2010-02-17
31,44.736542,2010-02-18
32,44.669334,2010-02-19
33,44.610512,2010-02-22
34,44.215572,2010-02-23
35,44.442448,2010-02-24
36,44.400433,2010-02-25
37,44.618904,2010-02-26
38,45.223907,2010-03-01
39,45.761692,2010-03-02
40,45.467602,2010-03-03
41,45.417175,2010-03-04
42,46.249043,2010-03-05
43,46.25745,2010-03-08
44,46.215439,2010-03-09
45,46.459118,2010-03-10
46,46.828846,2010-03-11
47,46.408714,2010-03-12
48,46.568356,2010-03-15
49,46.576771,2010-03-16
50,47.282616,2010-03-17
51,47.61031,2010-03-18
52,47.593502,2010-03-19
53,47.769962,2010-03-22
54,47.896004,2010-03-23
55,48.702663,2010-03-24
56,48.467388,2010-03-25
57,47.776562,2010-03-26
58,48.172531,2010-03-29
59,48.450539,2010-03-30
60,48.206215,2010-03-31
61,48.568493,2010-04-01
62,48.736992,2010-04-05
63,48.678005,2010-04-06
64,48.164097,2010-04-07
65,48.105141,2010-04-08
66,48.560074,2010-04-09
67,48.560074,2010-04-12
68,48.172531,2010-04-13
69,48.619038,2010-04-14
70,48.939186,2010-04-15
71,48.223083,2010-04-16
72,48.416847,2010-04-19
73,49.242474,2010-04-20
74,48.80439,2010-04-21
75,48.627464,2010-04-22
76,49.613163,2010-04-23
77,49.545761,2010-04-26
78,48.475815,2010-04-27
79,48.930756,2010-04-28
80,49.368843,2010-04-29
81,48.391567,2010-04-30
82,48.964451,2010-05-03
83,48.399994,2010-05-04
84,48.206215,2010-05-05
85,47.389038,2010-05-06
86,45.594563,2010-05-07
87,47.902946,2010-05-10
88,47.810265,2010-05-11
89,48.206215,2010-05-12
90,48.416847,2010-05-13
91,47.565952,2010-05-14
92,47.6502,2010-05-17
93,47.1026,2010-05-18
94,46.94252,2010-05-19
95,45.392376,2010-05-20
96,44.398262,2010-05-21
97,44.802635,2010-05-24
98,44.305584,2010-05-25
99,43.96859,2010-05-26
100,45.046967,2010-05-27
101,44.676285,2010-05-28
102,44.16238,2010-06-01
103,45.249153,2010-06-02
104,45.518742,2010-06-03
105,43.78326,2010-06-04
106,42.645897,2010-06-07
107,42.595371,2010-06-08
108,41.685505,2010-06-09
109,41.5844,2010-06-10
110,42.620636,2010-06-11
111,42.502697,2010-06-14
112,43.572636,2010-06-15
113,44.002293,2010-06-16
114,43.842232,2010-06-17
115,43.656891,2010-06-18
116,43.454685,2010-06-21
117,42.915485,2010-06-22
118,43.084003,2010-06-23
119,42.292088,2010-06-24
120,42.20784,2010-06-25
121,43.128876,2010-06-28
122,42.385277,2010-06-29
123,42.300789,2010-06-30
124,42.047279,2010-07-01
125,42.148682,2010-07-02
126,42.60498,2010-07-06
127,44.151333,2010-07-07
128,44.345673,2010-07-08
129,44.261181,2010-07-09
130,44.058392,2010-07-12
131,44.886471,2010-07-13
132,44.827347,2010-07-14
133,44.413296,2010-07-15
134,43.26408,2010-07-16
135,43.542938,2010-07-19
136,43.34013,2010-07-20
137,39.503819,2010-07-21
138,39.82494,2010-07-22
139,40.416428,2010-07-23
140,39.850269,2010-07-26
141,40.129116,2010-07-27
142,39.588333,2010-07-28
143,38.996826,2010-07-29
144,39.35173,2010-07-30
145,40.213627,2010-08-02
146,40.357285,2010-08-03
147,40.492474,2010-08-04
148,40.610779,2010-08-05
149,40.534729,2010-08-06
150,40.619236,2010-08-09
151,40.247417,2010-08-10
152,39.39397,2010-08-11
153,39.436226,2010-08-12
154,39.35173,2010-08-13
155,39.284122,2010-08-16
156,39.45311,2010-08-17
157,39.596779,2010-08-18
158,38.751766,2010-08-19
159,38.709526,2010-08-20
160,38.988361,2010-08-23
161,36.504078,2010-08-24
162,36.436474,2010-08-25
163,36.233673,2010-08-26
164,37.18008,2010-08-27
165,36.799812,2010-08-30
166,36.495605,2010-08-31
167,37.720879,2010-09-01
168,38.633476,2010-09-02
169,38.946129,2010-09-03
170,38.853172,2010-09-07
171,38.430695,2010-09-08
172,38.971478,2010-09-09
173,39.436226,2010-09-10
174,39.968578,2010-09-13
175,40.898079,2010-09-14
176,41.143139,2010-09-15
177,41.185375,2010-09-16
178,40.585415,2010-09-17
179,41.185375,2010-09-20
180,40.991016,2010-09-21
181,40.576977,2010-09-22
182,40.500931,2010-09-23
183,41.996578,2010-09-24
184,41.531834,2010-09-27
185,42.472645,2010-09-28
186,42.582836,2010-09-29
187,42.421791,2010-09-30
188,42.387886,2010-10-01
189,41.845413,2010-10-04
190,42.862553,2010-10-05
191,42.760818,2010-10-06
192,42.192947,2010-10-07
193,42.108181,2010-10-08
194,42.20142,2010-10-11
195,41.574207,2010-10-12
196,41.77763,2010-10-13
197,41.387745,2010-10-14
198,41.565727,2010-10-15
199,42.811668,2010-10-18
200,42.438747,2010-10-19
201,42.862553,2010-10-20
202,43.498234,2010-10-21
203,42.879482,2010-10-22
204,43.455833,2010-10-25
205,43.421944,2010-10-26
206,43.142258,2010-10-27
207,42.548946,2010-10-28
208,41.947151,2010-10-29
209,41.794582,2010-11-01
210,42.294655,2010-11-02
211,43.438915,2010-11-03
212,43.871151,2010-11-04
213,44.439056,2010-11-05
214,44.150875,2010-11-08
215,44.218693,2010-11-09
216,44.176304,2010-11-10
217,44.235645,2010-11-11
218,43.727081,2010-11-12
219,43.582993,2010-11-15
220,42.972725,2010-11-16
221,42.862553,2010-11-17
222,43.557556,2010-11-18
223,43.769463,2010-11-19
224,43.557556,2010-11-22
225,43.125298,2010-11-23
226,43.481277,2010-11-24
227,43.616894,2010-11-26
228,43.03207,2010-11-29
229,42.455708,2010-11-30
230,43.184635,2010-12-01
231,43.566032,2010-12-02
232,44.167816,2010-12-03
233,43.676224,2010-12-06
234,43.464333,2010-12-07
235,44.150875,2010-12-08
236,44.922192,2010-12-09
237,44.922192,2010-12-10
238,44.989983,2010-12-13
239,45.812138,2010-12-14
240,45.388348,2010-12-15
241,46.091866,2010-12-16
242,46.218994,2010-12-17
243,46.447842,2010-12-20
244,45.922325,2010-12-21
245,46.091866,2010-12-22
246,45.515491,2010-12-23
247,45.778233,2010-12-27
248,45.812138,2010-12-28
249,46.00774,2010-12-29
250,45.990738,2010-12-30
251,45.667572,2010-12-31
252,46.415943,2011-01-03
253,46.228848,2011-01-04
254,46.483971,2011-01-05
255,46.466965,2011-01-06
256,46.194828,2011-01-07
257,46.517986,2011-01-10
258,49.32439,2011-01-11
259,49.1628,2011-01-12
260,49.026733,2011-01-13
261,49.171318,2011-01-14
262,49.656036,2011-01-18
263,48.967201,2011-01-19
264,48.644054,2011-01-20
265,49.026733,2011-01-21
266,48.984211,2011-01-24
267,49.639038,2011-01-25
268,48.771618,2011-01-26
269,49.417934,2011-01-27
270,48.644054,2011-01-28
271,48.950207,2011-01-31
272,49.783607,2011-02-01
273,49.494469,2011-02-02
274,49.67305,2011-02-03
275,49.758118,2011-02-04
276,50.583004,2011-02-07
277,50.770096,2011-02-08
278,50.855148,2011-02-09
279,50.982712,2011-02-10
280,51.212307,2011-02-11
281,51.441936,2011-02-14
282,51.246334,2011-02-15
283,51.901169,2011-02-16
284,51.688568,2011-02-17
285,53.576504,2011-02-18
286,52.658028,2011-02-22
287,52.521965,2011-02-23
288,52.351883,2011-02-24
289,53.62751,2011-02-25
290,53.797585,2011-02-28
291,53.125759,2011-03-01
292,53.62751,2011-03-02
293,54.903141,2011-03-03
294,54.146271,2011-03-04
295,53.84013,2011-03-07
296,55.336872,2011-03-08
297,54.733044,2011-03-09
298,53.50845,2011-03-10
299,53.593491,2011-03-11
300,53.015198,2011-03-14
301,52.224308,2011-03-15
302,51.314365,2011-03-16
303,51.526974,2011-03-17
304,52.317863,2011-03-18
305,52.751579,2011-03-21
306,52.504959,2011-03-22
307,52.173279,2011-03-23
308,52.03722,2011-03-24
309,51.977688,2011-03-25
310,51.629025,2011-03-28
311,52.106678,2011-03-29
312,51.825207,2011-03-30
313,51.859333,2011-03-31
314,51.944622,2011-04-01
315,52.447865,2011-04-04
316,51.620487,2011-04-05
317,51.39872,2011-04-06
318,51.049011,2011-04-07
319,50.929607,2011-04-08
320,51.176952,2011-04-11
321,50.912556,2011-04-12
322,51.040485,2011-04-13
323,51.066082,2011-04-14
324,51.774014,2011-04-15
325,51.185482,2011-04-18
326,52.115211,2011-04-19
327,49.820763,2011-04-20
328,49.906082,2011-04-21
329,49.488121,2011-04-25
330,49.752537,2011-04-26
331,49.803699,2011-04-27
332,50.477539,2011-04-28
333,50.324013,2011-04-29
334,50.528732,2011-05-02
335,50.622551,2011-05-03
336,50.724892,2011-05-04
337,50.929607,2011-05-05
338,50.912556,2011-05-06
339,51.270779,2011-05-09
340,52.029896,2011-05-10
341,52.74638,2011-05-11
342,53.87228,2011-05-12
343,53.974617,2011-05-13
344,54.384045,2011-05-16
345,54.418159,2011-05-17
346,54.588753,2011-05-18
347,54.588753,2011-05-19
348,54.09404,2011-05-20
349,53.778458,2011-05-23
350,53.514023,2011-05-24
351,53.130215,2011-05-25
352,53.061977,2011-05-26
353,53.019356,2011-05-27
354,53.224045,2011-05-31
355,52.285782,2011-06-01
356,52.038448,2011-06-02
357,51.347534,2011-06-03
358,49.965771,2011-06-06
359,50.562828,2011-06-07
360,50.016941,2011-06-08
361,50.306938,2011-06-09
362,49.616062,2011-06-10
363,49.931656,2011-06-13
364,50.221645,2011-06-14
365,49.462532,2011-06-15
366,49.471069,2011-06-16
367,49.223709,2011-06-17
368,49.471069,2011-06-20
369,49.709885,2011-06-21
370,49.812237,2011-06-22
371,49.667229,2011-06-23
372,48.94223,2011-06-24
373,49.419868,2011-06-27
374,50.198483,2011-06-28
375,49.736462,2011-06-29
376,50.215599,2011-06-30
377,51.576004,2011-07-01
378,51.054085,2011-07-05
379,51.208099,2011-07-06
380,51.849804,2011-07-07
381,51.456234,2011-07-08
382,50.104382,2011-07-11
383,50.592083,2011-07-12
384,50.754631,2011-07-13
385,50.172817,2011-07-14
386,49.993141,2011-07-15
387,49.847675,2011-07-18
388,50.617733,2011-07-19
389,48.692623,2011-07-20
390,49.30867,2011-07-21
391,48.666943,2011-07-22
392,48.102249,2011-07-25
393,47.161076,2011-07-26
394,46.613495,2011-07-27
395,46.245571,2011-07-28
396,46.49371,2011-07-29
397,45.432758,2011-08-01
398,44.20924,2011-08-02
399,44.551487,2011-08-03
400,42.480904,2011-08-04
401,42.814598,2011-08-05
402,40.581459,2011-08-08
403,41.933311,2011-08-09
404,39.392162,2011-08-10
405,40.709801,2011-08-11
406,41.531181,2011-08-12
407,42.053101,2011-08-15
408,41.428505,2011-08-16
409,40.701248,2011-08-17
410,38.134418,2011-08-18
411,37.475605,2011-08-19
412,37.544056,2011-08-22
413,39.477718,2011-08-23
414,40.230656,2011-08-24
415,39.469162,2011-08-25
416,39.503403,2011-08-26
417,41.103371,2011-08-29
418,40.803917,2011-08-30
419,41.787872,2011-08-31
420,41.274506,2011-09-01
421,40.444569,2011-09-02
422,40.889477,2011-09-06
423,42.592129,2011-09-07
424,41.650963,2011-09-08
425,40.11087,2011-09-09
426,40.102322,2011-09-12
427,40.761139,2011-09-13
428,41.67664,2011-09-14
429,42.44669,2011-09-15
430,42.215668,2011-09-16
431,41.496952,2011-09-19
432,41.488407,2011-09-20
433,40.410336,2011-09-21
434,39.546173,2011-09-22
435,39.494835,2011-09-23
436,40.444569,2011-09-26
437,42.061649,2011-09-27
438,41.640873,2011-09-28
439,41.409004,2011-09-29
440,40.472973,2011-09-30
441,38.944401,2011-10-03
442,40.163811,2011-10-04
443,40.902344,2011-10-05
444,41.065517,2011-10-06
445,41.117046,2011-10-07
446,42.413746,2011-10-10
447,43.023449,2011-10-11
448,43.074978,2011-10-12
449,43.092159,2011-10-13
450,42.954758,2011-10-14
451,41.6838,2011-10-17
452,42.121777,2011-10-18
453,42.430927,2011-10-19
454,41.460545,2011-10-20
455,42.224823,2011-10-21
456,42.937592,2011-10-24
457,41.426186,2011-10-25
458,41.503483,2011-10-26
459,42.379391,2011-10-27
460,42.868874,2011-10-28
461,41.142784,2011-10-31
462,40.361328,2011-11-01
463,41.013977,2011-11-02
464,41.838371,2011-11-03
465,41.700977,2011-11-04
466,42.130371,2011-11-07
467,42.774418,2011-11-08
468,40.79071,2011-11-09
469,41.45195,2011-11-10
470,42.491032,2011-11-11
471,42.027302,2011-11-14
472,42.559734,2011-11-15
473,41.889908,2011-11-16
474,41.142784,2011-11-17
475,41.056915,2011-11-18
476,39.7001,2011-11-21
477,39.811722,2011-11-22
478,39.047436,2011-11-23
479,39.090385,2011-11-25
480,40.326981,2011-11-28
481,40.035011,2011-11-29
482,41.932846,2011-11-30
483,42.533974,2011-12-01
484,40.893764,2011-12-02
485,42.156116,2011-12-05
486,41.67524,2011-12-06
487,41.45195,2011-12-07
488,40.464382,2011-12-08
489,41.091278,2011-12-09
490,40.421444,2011-12-12
491,40.232517,2011-12-13
492,40.163811,2011-12-14
493,40.043598,2011-12-15
494,39.682915,2011-12-16
495,39.313641,2011-12-19
496,41.013977,2011-12-20
497,41.735329,2011-12-21
498,42.69714,2011-12-22
499,42.946171,2011-12-23
500,42.991867,2011-12-27
501,42.526173,2011-12-28
502,42.767654,2011-12-29
503,42.871136,2011-12-30
504,44.044037,2012-01-03
505,44.19928,2012-01-04
506,44.14753,2012-01-05
507,44.414886,2012-01-06
508,44.673611,2012-01-09
509,45.070324,2012-01-10
510,45.725765,2012-01-11
511,45.268681,2012-01-12
512,44.613255,2012-01-13
513,44.854725,2012-01-17
514,44.99271,2012-01-18
515,45.536045,2012-01-19
516,45.829258,2012-01-20
517,45.536045,2012-01-23
518,45.656784,2012-01-24
519,47.485119,2012-01-25
520,47.321259,2012-01-26
521,47.347122,2012-01-27
522,47.450611,2012-01-30
523,47.804214,2012-01-31
524,47.623112,2012-02-01
525,47.433376,2012-02-02
526,47.959457,2012-02-03
527,48.0112,2012-02-06
528,47.588612,2012-02-07
529,47.217766,2012-02-08
530,46.536457,2012-02-09
531,46.174229,2012-02-10
532,46.458843,2012-02-13
533,46.156975,2012-02-14
534,46.208729,2012-02-15
535,46.269108,2012-02-16
536,46.225967,2012-02-17
537,45.993118,2012-02-21
538,46.087994,2012-02-22
539,46.501949,2012-02-23
540,47.243637,2012-02-24
541,47.398869,2012-02-27
542,47.053917,2012-02-28
543,46.260483,2012-02-29
544,45.829258,2012-03-01
545,45.889637,2012-03-02
546,45.536045,2012-03-05
547,44.871971,2012-03-06
548,44.889202,2012-03-07
549,45.510162,2012-03-08
550,45.622276,2012-03-09
551,45.191063,2012-03-12
552,45.993118,2012-03-13
553,46.769299,2012-03-14
554,47.433376,2012-03-15
555,47.347122,2012-03-16
556,47.390255,2012-03-19
557,47.278137,2012-03-20
558,47.304016,2012-03-21
559,46.760685,2012-03-22
560,46.950413,2012-03-23
561,47.873207,2012-03-26
562,47.726593,2012-03-27
563,47.659927,2012-03-28
564,47.685913,2012-03-29
565,48.032211,2012-03-30
566,48.092804,2012-04-02
567,48.118778,2012-04-03
568,47.417522,2012-04-04
569,47.642616,2012-04-05
570,46.880749,2012-04-09
571,45.980366,2012-04-10
572,46.603718,2012-04-11
573,47.49543,2012-04-12
574,46.716259,2012-04-13
575,46.958675,2012-04-16
576,47.521423,2012-04-17
577,48.014893,2012-04-18
578,47.062557,2012-04-19
579,46.690296,2012-04-20
580,45.625408,2012-04-23
581,46.023659,2012-04-24
582,46.473839,2012-04-25
583,46.80283,2012-04-26
584,47.235718,2012-04-27
585,47.244358,2012-04-30
586,47.504082,2012-05-01
587,47.322289,2012-05-02
588,47.408859,2012-05-03
589,46.63834,2012-05-04
590,46.854778,2012-05-07
591,46.880749,2012-05-08
592,46.101574,2012-05-09
593,46.205471,2012-05-10
594,46.04097,2012-05-11
595,45.573448,2012-05-14
596,45.010715,2012-05-15
597,44.785625,2012-05-16
598,44.136303,2012-05-17
599,43.512955,2012-05-18
600,44.525898,2012-05-21
601,44.776962,2012-05-22
602,44.396027,2012-05-23
603,44.776962,2012-05-24
604,44.889515,2012-05-25
605,45.53017,2012-05-29
606,44.629791,2012-05-30
607,44.543209,2012-05-31
608,43.296516,2012-06-01
609,43.149342,2012-06-04
610,43.971806,2012-06-05
611,44.370064,2012-06-06
612,44.3181,2012-06-07
613,44.422009,2012-06-08
614,44.508568,2012-06-11
615,44.828915,2012-06-12
616,44.577843,2012-06-13
617,45.313728,2012-06-14
618,46.880749,2012-06-15
619,47.244358,2012-06-18
620,47.781128,2012-06-19
621,47.530067,2012-06-20
622,46.534462,2012-06-21
623,47.244358,2012-06-22
624,46.499825,2012-06-25
625,46.595055,2012-06-26
626,47.223484,2012-06-27
627,46.75412,2012-06-28
628,47.892754,2012-06-29
629,47.519012,2012-07-02
630,47.527691,2012-07-03
631,47.119179,2012-07-05
632,46.536816,2012-07-06
633,46.649811,2012-07-09
634,46.119602,2012-07-10
635,46.119602,2012-07-11
636,45.824078,2012-07-12
637,46.110905,2012-07-13
638,45.980526,2012-07-16
639,46.693279,2012-07-17
640,46.562897,2012-07-18
641,45.319939,2012-07-19
642,44.659359,2012-07-20
643,44.111736,2012-07-23
644,44.111736,2012-07-24
645,44.563732,2012-07-25
646,44.589813,2012-07-26
647,45.55463,2012-07-27
648,45.49379,2012-07-30
649,45.224327,2012-07-31
650,45.919685,2012-08-01
651,44.676735,2012-08-02
652,45.850159,2012-08-03
653,46.015289,2012-08-06
654,46.067455,2012-08-07
655,46.058754,2012-08-08
656,45.884914,2012-08-09
657,46.119602,2012-08-10
658,46.241283,2012-08-13
659,46.75412,2012-08-14
660,47.032265,2012-08-15
661,47.371258,2012-08-16
662,47.249554,2012-08-17
663,47.371258,2012-08-20
664,47.197399,2012-08-21
665,46.780201,2012-08-22
666,46.267357,2012-08-23
667,46.710651,2012-08-24
668,46.667191,2012-08-27
669,46.693279,2012-08-28
670,46.571583,2012-08-29
671,46.163052,2012-08-30
672,46.293434,2012-08-31
673,46.780201,2012-09-04
674,46.171741,2012-09-05
675,47.101788,2012-09-06
676,47.067036,2012-09-07
677,46.545506,2012-09-10
678,46.936634,2012-09-11
679,47.301704,2012-09-12
680,47.970989,2012-09-13
681,48.683731,2012-09-14
682,48.87495,2012-09-17
683,48.614197,2012-09-18
684,48.579433,2012-09-19
685,48.475124,2012-09-20
686,48.927109,2012-09-21
687,49.100941,2012-09-24
688,48.657669,2012-09-25
689,48.50322,2012-09-26
690,48.695187,2012-09-27
691,48.564293,2012-09-28
692,47.901169,2012-10-01
693,47.70052,2012-10-02
694,47.482376,2012-10-03
695,48.040802,2012-10-04
696,47.822647,2012-10-05
697,47.421288,2012-10-08
698,46.007824,2012-10-09
699,45.56284,2012-10-10
700,45.772243,2012-10-11
701,45.632648,2012-10-12
702,45.632648,2012-10-15
703,46.644753,2012-10-16
704,46.086349,2012-10-17
705,46.775639,2012-10-18
706,45.929295,2012-10-19
707,46.199783,2012-10-22
708,45.589012,2012-10-23
709,45.615189,2012-10-24
710,45.719891,2012-10-25
711,45.536659,2012-10-26
712,45.89439,2012-10-31
713,46.304474,2012-11-01
714,45.929295,2012-11-02
715,45.990364,2012-11-05
716,46.644753,2012-11-06
717,45.903103,2012-11-07
718,45.737339,2012-11-08
719,45.833317,2012-11-09
720,46.287018,2012-11-12
721,45.964211,2012-11-13
722,45.650093,2012-11-14
723,45.37088,2012-11-15
724,45.458126,2012-11-16
725,46.243401,2012-11-19
726,46.766903,2012-11-20
727,46.679665,2012-11-21
728,47.569611,2012-11-23
729,47.57835,2012-11-26
730,47.307873,2012-11-27
731,47.639416,2012-11-28
732,47.159546,2012-11-29
733,47.255524,2012-11-30
734,47.499817,2012-12-03
735,47.421288,2012-12-04
736,47.430019,2012-12-05
737,47.421288,2012-12-06
738,47.613247,2012-12-07
739,47.805195,2012-12-10
740,48.695187,2012-12-11
741,48.974377,2012-12-12
742,49.02673,2012-12-13
743,48.669006,2012-12-14
744,49.000568,2012-12-17
745,49.166325,2012-12-18
746,48.826046,2012-12-19
747,49.358284,2012-12-20
748,48.747536,2012-12-21
749,48.747536,2012-12-24
750,48.363621,2012-12-26
751,48.35923,2012-12-27
752,47.736782,2012-12-28
753,48.061157,2012-12-31
754,48.990463,2013-01-02
755,49.218403,2013-01-03
756,49.735664,2013-01-04
757,50.03373,2013-01-07
758,49.946075,2013-01-08
759,51.182251,2013-01-09
760,51.585503,2013-01-10
761,51.585503,2013-01-11
762,51.611809,2013-01-14
763,52.216759,2013-01-15
764,52.102779,2013-01-16
765,53.146065,2013-01-17
766,53.961391,2013-01-18
767,54.101681,2013-01-22
768,54.241947,2013-01-23
769,55.627148,2013-01-24
770,55.714809,2013-01-25
771,55.916458,2013-01-28
772,55.93399,2013-01-29
773,55.565781,2013-01-30
774,54.925774,2013-01-31
775,55.267696,2013-02-01
776,54.618938,2013-02-04
777,55.057285,2013-02-05
778,55.285236,2013-02-06
779,55.276459,2013-02-07
780,55.916458,2013-02-08
781,56.021664,2013-02-11
782,56.118107,2013-02-12
783,56.004131,2013-02-13
784,56.126858,2013-02-14
785,55.977837,2013-02-15
786,55.837563,2013-02-19
787,55.302761,2013-02-20
788,54.504955,2013-02-21
789,54.969612,2013-02-22
790,54.434837,2013-02-25
791,55.030983,2013-02-26
792,55.81126,2013-02-27
793,56.004131,2013-02-28
794,56.898373,2013-03-01
795,57.047409,2013-03-04
796,57.862743,2013-03-05
797,57.827698,2013-03-06
798,57.336731,2013-03-07
799,57.617275,2013-03-08
800,58.05563,2013-03-11
801,58.555363,2013-03-12
802,58.45892,2013-03-13
803,58.572906,2013-03-14
804,57.801376,2013-03-15
805,56.793159,2013-03-18
806,56.784397,2013-03-19
807,57.31044,2013-03-20
808,56.582764,2013-03-21
809,56.609055,2013-03-22
810,56.582764,2013-03-25
811,57.097744,2013-03-26
812,57.106556,2013-03-27
813,57.432274,2013-03-28
814,57.511501,2013-04-01
815,57.71397,2013-04-02
816,57.441082,2013-04-03
817,57.740383,2013-04-04
818,57.221001,2013-04-05
819,57.555515,2013-04-08
820,58.40062,2013-04-09
821,58.75275,2013-04-10
822,58.849606,2013-04-11
823,58.541489,2013-04-12
824,57.476284,2013-04-15
825,57.291431,2013-04-16
826,56.692799,2013-04-17
827,56.076576,2013-04-18
828,56.939301,2013-04-19
829,56.472721,2013-04-22
830,57.168175,2013-04-23
831,56.983318,2013-04-24
832,57.784405,2013-04-25
833,57.273811,2013-04-26
834,57.802006,2013-04-29
835,57.731579,2013-04-30
836,57.485096,2013-05-01
837,57.907646,2013-05-02
838,58.391823,2013-05-03
839,58.347813,2013-05-06
840,58.444633,2013-05-07
841,58.497467,2013-05-08
842,58.990448,2013-05-09
843,60.046822,2013-05-10
844,60.39016,2013-05-13
845,60.927147,2013-05-14
846,61.120808,2013-05-15
847,60.795105,2013-05-16
848,60.654255,2013-05-17
849,60.504616,2013-05-20
850,60.95356,2013-05-21
851,59.597866,2013-05-22
852,59.192921,2013-05-23
853,58.972832,2013-05-24
854,59.782753,2013-05-28
855,59.184124,2013-05-29
856,59.289749,2013-05-30
857,58.444633,2013-05-31
858,59.254536,2013-06-03
859,58.717545,2013-06-04
860,57.86364,2013-06-05
861,58.418232,2013-06-06
862,59.113689,2013-06-07
863,59.20171,2013-06-10
864,58.831989,2013-06-11
865,58.427025,2013-06-12
866,59.61544,2013-06-13
867,59.166531,2013-06-14
868,59.694706,2013-06-17
869,59.571449,2013-06-18
870,58.497467,2013-06-19
871,57.000912,2013-06-20
872,57.749191,2013-06-21
873,57.009708,2013-06-24
874,57.124161,2013-06-25
875,57.181602,2013-06-26
876,57.208122,2013-06-27
877,57.172794,2013-06-28
878,56.95179,2013-07-01
879,56.854546,2013-07-02
880,56.748482,2013-07-03
881,57.658932,2013-07-05
882,58.48983,2013-07-08
883,58.401451,2013-07-09
884,58.648945,2013-07-10
885,59.559399,2013-07-11
886,59.603577,2013-07-12
887,60.301884,2013-07-15
888,60.699665,2013-07-16
889,61.318432,2013-07-17
890,61.875286,2013-07-18
891,62.653137,2013-07-19
892,62.723854,2013-07-22
893,62.803436,2013-07-23
894,62.608963,2013-07-24
895,62.644318,2013-07-25
896,62.706184,2013-07-26
897,62.184662,2013-07-29
898,62.246559,2013-07-30
899,62.281891,2013-07-31
900,62.953671,2013-08-01
901,62.997902,2013-08-02
902,62.93602,2013-08-05
903,62.732716,2013-08-06
904,62.573612,2013-08-07
905,62.670841,2013-08-08
906,62.768063,2013-08-09
907,62.547089,2013-08-12
908,62.653137,2013-08-13
909,62.255367,2013-08-14
910,60.911823,2013-08-15
911,60.080917,2013-08-16
912,60.160465,2013-08-19
913,60.3284,2013-08-20
914,60.045551,2013-08-21
915,60.796909,2013-08-22
916,60.363781,2013-08-23
917,60.443317,2013-08-26
918,59.294212,2013-08-27
919,58.905262,2013-08-28
920,59.143963,2013-08-29
921,59.126282,2013-08-30
922,59.417957,2013-09-03
923,59.462162,2013-09-04
924,59.921814,2013-09-05
925,60.929459,2013-09-06
926,61.132801,2013-09-09
927,61.468693,2013-09-10
928,61.504059,2013-09-11
929,61.433338,2013-09-12
930,61.981365,2013-09-13
931,62.608963,2013-09-16
932,63.068584,2013-09-17
933,63.448723,2013-09-18
934,63.316109,2013-09-19
935,63.006718,2013-09-20
936,62.93602,2013-09-23
937,62.608963,2013-09-24
938,60.805744,2013-09-25
939,60.694828,2013-09-26
940,60.029316,2013-09-27
941,59.976055,2013-09-30
942,60.304375,2013-10-01
943,60.109169,2013-10-02
944,59.754234,2013-10-03
945,60.073681,2013-10-04
946,59.931675,2013-10-07
947,59.993809,2013-10-08
948,60.73032,2013-10-09
949,61.599918,2013-10-10
950,62.309795,2013-10-11
951,62.833321,2013-10-14
952,62.238804,2013-10-15
953,63.463326,2013-10-16
954,64.377335,2013-10-17
955,65.184822,2013-10-18
956,64.91861,2013-10-21
957,65.246941,2013-10-22
958,65.637375,2013-10-23
959,65.681747,2013-10-24
960,66.205254,2013-10-25
961,66.143158,2013-10-28
962,66.134293,2013-10-29
963,65.743851,2013-10-30
964,65.539742,2013-10-31
965,65.690598,2013-11-01
966,65.921303,2013-11-04
967,65.708344,2013-11-05
968,65.406654,2013-11-06
969,64.687889,2013-11-07
970,65.069458,2013-11-08
971,65.042854,2013-11-11
972,64.980713,2013-11-12
973,65.504257,2013-11-13
974,66.089897,2013-11-14
975,65.850349,2013-11-15
976,65.229187,2013-11-18
977,65.752716,2013-11-19
978,65.477669,2013-11-20
979,65.788223,2013-11-21
980,65.912437,2013-11-22
981,66.32061,2013-11-25
982,66.391617,2013-11-26
983,66.160889,2013-11-27
984,66.036652,2013-11-29
985,65.894684,2013-12-02
986,65.601852,2013-12-03
987,65.033958,2013-12-04
988,64.91861,2013-12-05
989,66.125397,2013-12-06
990,66.205254,2013-12-09
991,66.018921,2013-12-10
992,64.537041,2013-12-11
993,63.747314,2013-12-12
994,63.498867,2013-12-13
995,63.498867,2013-12-16
996,63.578693,2013-12-17
997,65.450996,2013-12-18
998,65.530884,2013-12-19
999,66.302872,2013-12-20
1000,66.560219,2013-12-23
1001,66.551331,2013-12-24
1002,66.8974,2013-12-26
1003,66.875114,2013-12-27
1004,66.839478,2013-12-30
1005,66.946373,2013-12-31
1006,66.49202,2014-01-02
1007,66.679115,2014-01-03
1008,67.133499,2014-01-06
1009,67.516624,2014-01-07
1010,68.621414,2014-01-08
1011,68.594673,2014-01-09
1012,69.628181,2014-01-10
1013,68.986694,2014-01-13
1014,69.637093,2014-01-14
1015,69.717278,2014-01-15
1016,70.100395,2014-01-16
1017,69.672752,2014-01-17
1018,70.020187,2014-01-21
1019,70.011292,2014-01-22
1020,69.298538,2014-01-23
1021,67.828453,2014-01-24
1022,67.997734,2014-01-27
1023,68.995605,2014-01-28
1024,68.514511,2014-01-29
1025,69.61927,2014-01-30
1026,69.138161,2014-01-31
1027,68.131409,2014-02-03
1028,68.380844,2014-02-04
1029,68.603584,2014-02-05
1030,69.681656,2014-02-06
1031,70.768578,2014-02-07
1032,71.650635,2014-02-10
1033,72.292152,2014-02-11
1034,72.122841,2014-02-12
1035,73.726563,2014-02-13
1036,74.261131,2014-02-14
1037,73.610733,2014-02-18
1038,72.737617,2014-02-19
1039,73.637474,2014-02-20
1040,73.147461,2014-02-21
1041,73.601852,2014-02-24
1042,72.693069,2014-02-25
1043,72.283226,2014-02-26
1044,72.318855,2014-02-27
1045,71.49028,2014-02-28
1046,71.18734,2014-03-03
1047,72.94252,2014-03-04
1048,72.238678,2014-03-05
1049,72.122841,2014-03-06
1050,72.737617,2014-03-07
1051,72.88018,2014-03-10
1052,72.728714,2014-03-11
1053,72.728714,2014-03-12
1054,72.363419,2014-03-13
1055,71.516998,2014-03-14
1056,71.980293,2014-03-17
1057,72.639626,2014-03-18
1058,72.363419,2014-03-19
1059,72.434677,2014-03-20
1060,72.042686,2014-03-21
1061,70.661667,2014-03-24
1062,71.223,2014-03-25
1063,70.911148,2014-03-26
1064,71.434372,2014-03-27
1065,72.033585,2014-03-28
1066,72.865387,2014-03-31
1067,73.232071,2014-04-01
1068,73.598778,2014-04-02
1069,75.244431,2014-04-03
1070,73.876038,2014-04-04
1071,72.650719,2014-04-07
1072,72.677544,2014-04-08
1073,73.428856,2014-04-09
1074,71.228661,2014-04-10
1075,70.978233,2014-04-11
1076,71.371773,2014-04-14
1077,71.166069,2014-04-15
1078,70.700974,2014-04-16
1079,70.459503,2014-04-17
1080,71.085548,2014-04-21
1081,70.423706,2014-04-22
1082,70.11068,2014-04-23
1083,69.654549,2014-04-24
1084,68.617043,2014-04-25
1085,68.715446,2014-04-28
1086,69.672447,2014-04-29
1087,69.538269,2014-04-30
1088,69.252083,2014-05-01
1089,69.600891,2014-05-02
1090,70.504211,2014-05-05
1091,70.692017,2014-05-06
1092,71.031891,2014-05-07
1093,71.586418,2014-05-08
1094,72.105164,2014-05-09
1095,72.53447,2014-05-12
1096,71.86367,2014-05-13
1097,71.649048,2014-05-14
1098,70.763596,2014-05-15
1099,71.640099,2014-05-16
1100,71.640099,2014-05-19
1101,71.59536,2014-05-20
1102,71.881554,2014-05-21
1103,72.078308,2014-05-22
1104,71.792114,2014-05-23
1105,71.872612,2014-05-27
1106,73.911819,2014-05-28
1107,75.029808,2014-05-29
1108,75.566422,2014-05-30
1109,75.870491,2014-06-02
1110,76.433968,2014-06-03
1111,76.496552,2014-06-04
1112,76.720184,2014-06-05
1113,76.523422,2014-06-06
1114,76.469765,2014-06-09
1115,76.111992,2014-06-10
1116,75.807907,2014-06-11
1117,74.931404,2014-06-12
1118,74.627335,2014-06-13
1119,75.673744,2014-06-16
1120,74.949303,2014-06-17
1121,75.512756,2014-06-18
1122,76.59494,2014-06-19
1123,76.988472,2014-06-20
1124,76.255089,2014-06-23
1125,75.781075,2014-06-24
1126,76.469765,2014-06-25
1127,75.944664,2014-06-26
1128,75.370201,2014-06-27
1129,75.684341,2014-06-30
1130,76.743507,2014-07-01
1131,76.653778,2014-07-02
1132,76.860214,2014-07-03
1133,76.797379,2014-07-07
1134,75.334305,2014-07-08
1135,75.379189,2014-07-09
1136,75.109894,2014-07-10
1137,75.415092,2014-07-11
1138,74.903465,2014-07-14
1139,74.266151,2014-07-15
1140,73.862267,2014-07-16
1141,73.341682,2014-07-17
1142,73.74559,2014-07-18
1143,73.233948,2014-07-21
1144,73.503197,2014-07-22
1145,73.431412,2014-07-23
1146,72.515846,2014-07-24
1147,72.201736,2014-07-25
1148,71.887566,2014-07-28
1149,72.004265,2014-07-29
1150,72.174805,2014-07-30
1151,71.600349,2014-07-31
1152,71.806801,2014-08-01
1153,72.327385,2014-08-04
1154,71.797813,2014-08-05
1155,71.645218,2014-08-06
1156,71.133598,2014-08-07
1157,71.636238,2014-08-08
1158,71.402885,2014-08-11
1159,71.438789,2014-08-12
1160,72.479996,2014-08-13
1161,72.632576,2014-08-14
1162,72.228683,2014-08-15
1163,72.991615,2014-08-18
1164,73.584023,2014-08-19
1165,73.503197,2014-08-20
1166,74.409805,2014-08-21
1167,73.727631,2014-08-22
1168,74.436745,2014-08-25
1169,74.364899,2014-08-26
1170,73.898163,2014-08-27
1171,74.203354,2014-08-28
1172,74.777809,2014-08-29
1173,74.607262,2014-09-02
1174,74.957298,2014-09-03
1175,74.795761,2014-09-04
1176,75.513817,2014-09-05
1177,75.639481,2014-09-08
1178,75.172745,2014-09-09
1179,75.31633,2014-09-10
1180,75.612587,2014-09-11
1181,74.912415,2014-09-12
1182,74.858574,2014-09-15
1183,75.450981,2014-09-16
1184,75.343285,2014-09-17
1185,75.459961,2014-09-18
1186,74.355934,2014-09-19
1187,73.727631,2014-09-22
1188,73.162163,2014-09-23
1189,73.718658,2014-09-24
1190,72.910843,2014-09-25
1191,73.428879,2014-09-26
1192,73.446892,2014-09-29
1193,72.753166,2014-09-30
1194,73.275726,2014-10-01
1195,73.645119,2014-10-02
1196,74.338867,2014-10-03
1197,75.411003,2014-10-06
1198,74.275803,2014-10-07
1199,75.996628,2014-10-08
1200,74.70826,2014-10-09
1201,73.789284,2014-10-10
1202,73.176613,2014-10-13
1203,72.654053,2014-10-14
1204,71.608932,2014-10-15
1205,71.356667,2014-10-16
1206,72.329697,2014-10-17
1207,72.978424,2014-10-20
1208,74.005524,2014-10-21
1209,74.383881,2014-10-22
1210,75.257858,2014-10-23
1211,75.879509,2014-10-24
1212,76.023674,2014-10-27
1213,77.654419,2014-10-28
1214,78.095894,2014-10-29
1215,78.420258,2014-10-30
1216,78.861725,2014-10-31
1217,78.249054,2014-11-03
1218,78.969833,2014-11-04
1219,79.303185,2014-11-05
1220,79.780724,2014-11-06
1221,78.807663,2014-11-07
1222,79.681587,2014-11-10
1223,79.89785,2014-11-11
1224,79.807747,2014-11-12
1225,80.041969,2014-11-13
1226,79.28521,2014-11-14
1227,79.762688,2014-11-17
1228,81.231285,2014-11-18
1229,80.762779,2014-11-19
1230,80.771774,2014-11-20
1231,81.186211,2014-11-21
1232,82.348457,2014-11-24
1233,82.798958,2014-11-25
1234,83.222412,2014-11-26
1235,83.708969,2014-11-28
1236,83.75396,2014-12-01
1237,85.285645,2014-12-02
1238,85.15049,2014-12-03
1239,85.033333,2014-12-04
1240,85.24958,2014-12-05
1241,85.23156,2014-12-08
1242,85.060394,2014-12-09
1243,83.465668,2014-12-10
1244,84.159401,2014-12-11
1245,82.889038,2014-12-12
1246,82.348457,2014-12-15
1247,81.789864,2014-12-16
1248,83.636841,2014-12-17
1249,86.339745,2014-12-18
1250,85.402748,2014-12-19
1251,85.582909,2014-12-22
1252,87.042511,2014-12-23
1253,86.492928,2014-12-24
1254,86.168571,2014-12-26
1255,86.308731,2014-12-29
1256,86.40818,2014-12-30
1257,85.29599,2014-12-31
1258,84.988548,2015-01-02
1259,83.677406,2015-01-05
1260,83.559868,2015-01-06
1261,85.142296,2015-01-07
1262,86.58905,2015-01-08
1263,85.540131,2015-01-09
1264,85.015663,2015-01-12
1265,85.196518,2015-01-13
1266,84.31942,2015-01-14
1267,82.737015,2015-01-15
1268,83.596039,2015-01-16
1269,82.890739,2015-01-20
1270,83.288597,2015-01-21
1271,84.42791,2015-01-22
1272,83.82209,2015-01-23
1273,83.686455,2015-01-26
1274,83.487526,2015-01-27
1275,83.867294,2015-01-28
1276,84.708237,2015-01-29
1277,82.330124,2015-01-30
1278,82.972137,2015-02-02
1279,83.858253,2015-02-03
1280,83.614128,2015-02-04
1281,84.699181,2015-02-05
1282,83.831146,2015-02-06
1283,83.098701,2015-02-09
1284,84.147606,2015-02-10
1285,84.057175,2015-02-11
1286,84.42791,2015-02-12
1287,85.458771,2015-02-13
1288,85.965126,2015-02-17
1289,86.127876,2015-02-18
1290,85.50396,2015-02-19
1291,86.127876,2015-02-20
1292,86.444351,2015-02-23
1293,85.793304,2015-02-24
1294,85.512978,2015-02-25
1295,85.359276,2015-02-26
1296,85.675751,2015-02-27
1297,86.815117,2015-03-02
1298,83.587013,2015-03-03
1299,83.523705,2015-03-04
1300,84.084328,2015-03-05
1301,81.443954,2015-03-06
1302,82.303009,2015-03-09
1303,81.651939,2015-03-10
1304,81.796608,2015-03-11
1305,83.143944,2015-03-12
1306,82.547127,2015-03-13
1307,83.894417,2015-03-16
1308,83.089668,2015-03-17
1309,84.192833,2015-03-18
1310,84.60878,2015-03-19
1311,84.681114,2015-03-20
1312,84.735344,2015-03-23
1313,84.473145,2015-03-24
1314,83.45137,2015-03-25
1315,82.764153,2015-03-26
1316,84.012177,2015-03-27
1317,84.910728,2015-03-30
1318,83.730804,2015-03-31
1319,82.759621,2015-04-01
1320,82.705154,2015-04-02
1321,83.286064,2015-04-06
1322,83.031906,2015-04-07
1323,83.522011,2015-04-08
1324,84.475075,2015-04-09
1325,85.083214,2015-04-10
1326,84.502296,2015-04-13
1327,83.994026,2015-04-14
1328,83.767105,2015-04-15
1329,83.667267,2015-04-16
1330,83.957726,2015-04-17
1331,84.72921,2015-04-20
1332,85.963615,2015-04-21
1333,87.542908,2015-04-22
1334,88.205513,2015-04-23
1335,87.951378,2015-04-24
1336,85.891022,2015-04-27
1337,86.317589,2015-04-28
1338,85.609634,2015-04-29
1339,83.72171,2015-04-30
1340,84.774605,2015-05-01
1341,84.983337,2015-05-04
1342,84.320755,2015-05-05
1343,84.012177,2015-05-06
1344,84.057549,2015-05-07
1345,85.827477,2015-05-08
1346,85.645943,2015-05-11
1347,84.484169,2015-05-12
1348,84.329834,2015-05-13
1349,86.462814,2015-05-14
1350,86.689751,2015-05-15
1351,87.669975,2015-05-18
1352,87.751671,2015-05-19
1353,87.842453,2015-05-20
1354,87.497551,2015-05-21
1355,87.533852,2015-05-22
1356,86.707878,2015-05-26
1357,87.669975,2015-05-27
1358,87.352303,2015-05-28
1359,87.25248,2015-05-29
1360,87.243385,2015-06-01
1361,87.234329,2015-06-02
1362,87.170784,2015-06-03
1363,86.26313,2015-06-04
1364,86.408356,2015-06-05
1365,85.881943,2015-06-08
1366,85.464417,2015-06-09
1367,87.143585,2015-06-10
1368,87.624626,2015-06-11
1369,86.834976,2015-06-12
1370,85.927307,2015-06-15
1371,86.372055,2015-06-16
1372,86.317589,2015-06-17
1373,88.178307,2015-06-18
1374,87.933205,2015-06-19
1375,88.405212,2015-06-22
1376,87.697243,2015-06-23
1377,87.787994,2015-06-24
1378,87.542908,2015-06-25
1379,88.667915,2015-06-26
1380,86.864311,2015-06-29
1381,87.055595,2015-06-30
1382,87.51104,2015-07-01
1383,87.228683,2015-07-02
1384,87.438171,2015-07-06
1385,88.267105,2015-07-07
1386,86.918983,2015-07-08
1387,87.137573,2015-07-09
1388,87.784348,2015-07-10
1389,88.93206,2015-07-13
1390,89.505943,2015-07-14
1391,88.822769,2015-07-15
1392,89.42395,2015-07-16
1393,89.460396,2015-07-17
1394,89.615265,2015-07-20
1395,90.234657,2015-07-21
1396,89.761009,2015-07-22
1397,89.496841,2015-07-23
1398,91.974503,2015-07-24
1399,91.109131,2015-07-27
1400,92.55751,2015-07-28
1401,92.894516,2015-07-29
1402,92.766983,2015-07-30
1403,93.158684,2015-07-31
1404,92.466408,2015-08-03
1405,92.439079,2015-08-04
1406,93.932953,2015-08-05
1407,92.293327,2015-08-06
1408,91.947189,2015-08-07
1409,93.0858,2015-08-10
1410,92.748787,2015-08-11
1411,93.942085,2015-08-12
1412,93.796326,2015-08-13
1413,94.406639,2015-08-14
1414,94.862083,2015-08-17
1415,95.016914,2015-08-18
1416,95.217346,2015-08-19
1417,93.386398,2015-08-20
1418,90.517036,2015-08-21
1419,87.092033,2015-08-24
1420,86.982727,2015-08-25
1421,90.006935,2015-08-26
1422,92.074692,2015-08-27
1423,90.808548,2015-08-28
1424,89.861191,2015-08-31
1425,86.955399,2015-09-01
1426,88.267105,2015-09-02
1427,88.066673,2015-09-03
1428,86.846092,2015-09-04
1429,89.78833,2015-09-08
1430,88.622353,2015-09-09
1431,89.542374,2015-09-10
1432,90.772125,2015-09-11
1433,89.961395,2015-09-14
1434,90.954277,2015-09-15
1435,91.637459,2015-09-16
1436,91.601021,2015-09-17
1437,90.380424,2015-09-18
1438,90.73568,2015-09-21
1439,89.779205,2015-09-22
1440,89.806534,2015-09-23
1441,89.469513,2015-09-24
1442,88.267105,2015-09-25
1443,84.468765,2015-09-28
1444,85.227501,2015-09-29
1445,86.022835,2015-09-30
1446,86.763321,2015-10-01
1447,88.180252,2015-10-02
1448,88.573357,2015-10-05
1449,86.77243,2015-10-06
1450,87.759743,2015-10-07
1451,88.993858,2015-10-08
1452,89.35952,2015-10-09
1453,90.054283,2015-10-12
1454,89.194977,2015-10-13
1455,88.582481,2015-10-14
1456,90.218834,2015-10-15
1457,91.443817,2015-10-16
1458,91.836914,2015-10-19
1459,90.694214,2015-10-20
1460,91.224419,2015-10-21
1461,90.072578,2015-10-22
1462,86.333633,2015-10-23
1463,85.839996,2015-10-26
1464,85.785149,2015-10-27
1465,87.549477,2015-10-28
1466,87.62262,2015-10-29
1467,87.412354,2015-10-30
1468,88.408813,2015-11-02
1469,88.491081,2015-11-03
1470,89.130997,2015-11-04
1471,89.213264,2015-11-05
1472,89.222404,2015-11-06
1473,88.500214,2015-11-09
1474,89.222404,2015-11-10
1475,89.249817,2015-11-11
1476,87.403221,2015-11-12
1477,87.421501,2015-11-13
1478,88.363098,2015-11-16
1479,88.31739,2015-11-17
1480,88.683044,2015-11-18
1481,87.220406,2015-11-19
1482,88.198524,2015-11-20
1483,87.83287,2015-11-23
1484,88.31739,2015-11-24
1485,88.875023,2015-11-25
1486,89.670341,2015-11-27
1487,88.180252,2015-11-30
1488,88.481934,2015-12-01
1489,87.997414,2015-12-02
1490,84.633301,2015-12-03
1491,86.242218,2015-12-04
1492,86.05941,2015-12-07
1493,85.492592,2015-12-08
1494,84.395615,2015-12-09
1495,84.953247,2015-12-10
1496,84.285919,2015-12-11
1497,83.563744,2015-12-14
1498,84.505318,2015-12-15
1499,85.867424,2015-12-16
1500,84.752159,2015-12-17
1501,83.426613,2015-12-18
1502,83.572876,2015-12-21
1503,84.770409,2015-12-22
1504,86.041115,2015-12-23
1505,86.260513,2015-12-24
1506,85.885719,2015-12-28
1507,87.023872,2015-12-29
1508,86.50985,2015-12-30
1509,85.307411,2015-12-31
1510,82.627235,2016-01-04
1511,83.425797,2016-01-05
1512,83.297295,2016-01-06
1513,81.17701,2016-01-07
1514,80.672157,2016-01-08
1515,80.341728,2016-01-11
1516,81.443184,2016-01-12
1517,81.97554,2016-01-13
1518,83.453339,2016-01-14
1519,83.627724,2016-01-15
1520,84.040764,2016-01-19
1521,83.526772,2016-01-20
1522,84.343674,2016-01-21
1523,86.1978,2016-01-22
1524,86.656738,2016-01-25
1525,88.134499,2016-01-26
1526,90.502617,2016-01-27
1527,89.318558,2016-01-28
1528,91.007462,2016-01-29
1529,91.025826,2016-02-01
1530,90.897293,2016-02-02
1531,90.95237,2016-02-03
1532,91.365448,2016-02-04
1533,88.951408,2016-02-05
1534,88.171219,2016-02-08
1535,88.70356,2016-02-09
1536,90.043671,2016-02-10
1537,88.262993,2016-02-11
1538,89.336914,2016-02-12
1539,89.401176,2016-02-16
1540,88.382324,2016-02-17
1541,88.978935,2016-02-18
1542,89.694908,2016-02-19
1543,90.906494,2016-02-22
1544,90.75045,2016-02-23
1545,91.392967,2016-02-24
1546,93.439835,2016-02-25
1547,93.03595,2016-02-26
1548,91.677505,2016-02-29
1549,92.63208,2016-03-01
1550,93.182831,2016-03-02
1551,94.449509,2016-03-03
1552,94.95433,2016-03-04
1553,94.394417,2016-03-07
1554,94.339333,2016-03-08
1555,94.651428,2016-03-09
1556,95.229706,2016-03-10
1557,96.377029,2016-03-11
1558,96.551414,2016-03-14
1559,96.239357,2016-03-15
1560,96.560608,2016-03-16
1561,94.816643,2016-03-17
1562,96.331161,2016-03-18
1563,96.248543,2016-03-21
1564,96.32196,2016-03-22
1565,96.918571,2016-03-23
1566,96.578979,2016-03-24
1567,96.432091,2016-03-28
1568,98.449554,2016-03-29
1569,98.615379,2016-03-30
1570,98.836464,2016-03-31
1571,99.969536,2016-04-01
1572,100.715721,2016-04-04
1573,98.606171,2016-04-05
1574,99.702408,2016-04-06
1575,99.444458,2016-04-07
1576,99.987984,2016-04-08
1577,99.720818,2016-04-11
1578,100.826263,2016-04-12
1579,100.982903,2016-04-13
1580,101.425041,2016-04-14
1581,101.148705,2016-04-15
1582,101.692207,2016-04-18
1583,101.084198,2016-04-19
1584,102.005432,2016-04-20
1585,100.697304,2016-04-21
1586,100.780205,2016-04-22
1587,100.863098,2016-04-25
1588,100.881546,2016-04-26
1589,101.369766,2016-04-27
1590,100.927589,2016-04-28
1591,100.420937,2016-04-29
1592,101.277657,2016-05-02
1593,100.568329,2016-05-03
1594,100.034019,2016-05-04
1595,101.443481,2016-05-05
1596,102.447586,2016-05-06
1597,102.548927,2016-05-09
1598,102.945045,2016-05-10
1599,102.696312,2016-05-11
1600,103.009537,2016-05-12
1601,102.171249,2016-05-13
1602,103.497772,2016-05-16
1603,101.461899,2016-05-17
1604,101.204002,2016-05-18
1605,100.863098,2016-05-19
1606,101.56324,2016-05-20
1607,101.581665,2016-05-23
1608,102.871361,2016-05-24
1609,103.055603,2016-05-25
1610,102.788452,2016-05-26
1611,102.96347,2016-05-27
1612,102.401543,2016-05-31
1613,102.862144,2016-06-01
1614,103.783371,2016-06-02
1615,104.612434,2016-06-03
1616,104.584785,2016-06-06
1617,103.718864,2016-06-07
1618,105.28492,2016-06-08
1619,106.242981,2016-06-09
1620,105.533646,2016-06-10
1621,105.423103,2016-06-13
1622,106.325897,2016-06-14
1623,105.330994,2016-06-15
1624,105.588905,2016-06-16
1625,105.367844,2016-06-17
1626,106.943092,2016-06-20
1627,107.283928,2016-06-21
1628,107.431358,2016-06-22
1629,109.05265,2016-06-23
1630,107.403709,2016-06-24
1631,105.736313,2016-06-27
1632,107.178154,2016-06-28
1633,109.812347,2016-06-29
1634,110.755104,2016-06-30
1635,111.291168,2016-07-01
1636,112.030571,2016-07-05
1637,111.919662,2016-07-06
1638,111.86422,2016-07-07
1639,113.028793,2016-07-08
1640,113.361534,2016-07-11
1641,113.518661,2016-07-12
1642,113.232132,2016-07-13
1643,113.03804,2016-07-14
1644,112.834694,2016-07-15
1645,112.409531,2016-07-18
1646,112.538933,2016-07-19
1647,113.093498,2016-07-20
1648,113.278343,2016-07-21
1649,108.167152,2016-07-22
1650,107.150452,2016-07-25
1651,107.621826,2016-07-26
1652,106.133751,2016-07-27
1653,106.253906,2016-07-28
1654,107.473915,2016-07-29
1655,108.157898,2016-08-01
1656,106.937866,2016-08-02
1657,106.124504,2016-08-03
1658,106.152222,2016-08-04
1659,106.198441,2016-08-05
1660,106.124504,2016-08-08
1661,106.706772,2016-08-09
1662,106.780746,2016-08-10
1663,106.780746,2016-08-11
1664,106.817711,2016-08-12
1665,106.503456,2016-08-15
1666,104.885986,2016-08-16
1667,104.580986,2016-08-17
1668,105.135529,2016-08-18
1669,105.154022,2016-08-19
1670,105.49601,2016-08-22
1671,105.006149,2016-08-23
1672,104.091125,2016-08-24
1673,104.728874,2016-08-25
1674,105.773293,2016-08-26
1675,107.473915,2016-08-29
1676,107.159691,2016-08-30
1677,106.900902,2016-08-31
1678,106.503456,2016-09-01
1679,106.845428,2016-09-02
1680,108.037727,2016-09-06
1681,106.447998,2016-09-07
1682,106.170731,2016-09-08
1683,102.168617,2016-09-09
1684,104.165047,2016-09-12
1685,102.150146,2016-09-13
1686,102.60305,2016-09-14
1687,104.904457,2016-09-15
1688,105.662384,2016-09-16
1689,105.754807,2016-09-19
1690,105.921158,2016-09-20
1691,107.621826,2016-09-21
1692,109.47036,2016-09-22
1693,108.84185,2016-09-23
1694,107.409241,2016-09-26
1695,108.87883,2016-09-27
1696,108.77681,2016-09-28
1697,107.283951,2016-09-29
1698,107.942314,2016-09-30
1699,107.979385,2016-10-03
1700,107.803207,2016-10-04
1701,108.174118,2016-10-05
1702,108.164864,2016-10-06
1703,107.849564,2016-10-07
1704,109.277542,2016-10-10
1705,105.457253,2016-10-11
1706,105.6334,2016-10-12
1707,105.318138,2016-10-13
1708,105.383049,2016-10-14
1709,105.308876,2016-10-17
1710,106.458664,2016-10-18
1711,106.013596,2016-10-19
1712,106.21759,2016-10-20
1713,105.43869,2016-10-21
1714,106.384521,2016-10-24
1715,104.956505,2016-10-25
1716,101.896561,2016-10-26
1717,101.738937,2016-10-27
1718,105.957954,2016-10-28
1719,106.959373,2016-10-31
1720,106.440125,2016-11-01
1721,107.098495,2016-11-02
1722,107.237556,2016-11-03
1723,108.628464,2016-11-04
1724,110.974434,2016-11-07
1725,112.059334,2016-11-08
1726,107.784653,2016-11-09
1727,105.735428,2016-11-10
1728,102.332367,2016-11-11
1729,98.920074,2016-11-14
1730,101.757477,2016-11-15
1731,101.43293,2016-11-16
1732,102.601265,2016-11-17
1733,103.333809,2016-11-18
1734,103.361641,2016-11-21
1735,102.647629,2016-11-22
1736,103.621269,2016-11-23
1737,104.631996,2016-11-25
1738,104.733971,2016-11-28
1739,107.015038,2016-11-29
1740,105.392342,2016-11-30
1741,103.621269,2016-12-01
1742,103.927261,2016-12-02
1743,103.862373,2016-12-05
1744,104.400169,2016-12-06
1745,105.401604,2016-12-07
1746,107.10775,2016-12-08
1747,108.025742,2016-12-09
1748,109.027184,2016-12-12
1749,109.07357,2016-12-13
1750,108.239006,2016-12-14
1751,110.177002,2016-12-15
1752,110.112083,2016-12-16
1753,110.167717,2016-12-19
1754,110.816795,2016-12-20
1755,110.714806,2016-12-21
1756,111.716232,2016-12-22
1757,111.975868,2016-12-23
1758,112.059334,2016-12-27
1759,111.552185,2016-12-28
1760,112.14772,2016-12-29
1761,111.487038,2016-12-30
1762,111.133461,2017-01-03
1763,111.756897,2017-01-04
1764,110.52861,2017-01-05
1765,109.570152,2017-01-06
1766,110.75193,2017-01-09
1767,113.431847,2017-01-10
1768,115.069572,2017-01-11
1769,114.697388,2017-01-12
1770,114.381004,2017-01-13
1771,114.036705,2017-01-17
1772,113.897141,2017-01-18
1773,113.645882,2017-01-19
1774,113.292274,2017-01-20
1775,112.975929,2017-01-23
1776,113.059631,2017-01-24
1777,112.696754,2017-01-25
1778,112.436188,2017-01-26
1779,114.725296,2017-01-27
1780,113.999474,2017-01-30
1781,114.948616,2017-01-31
1782,114.567101,2017-02-01
1783,114.818336,2017-02-02
1784,114.790443,2017-02-03
1785,113.832001,2017-02-06
1786,113.999474,2017-02-07
1787,113.906441,2017-02-08
1788,114.75322,2017-02-09
1789,114.743919,2017-02-10
1790,115.693047,2017-02-13
1791,116.558441,2017-02-14
1792,117.02372,2017-02-15
1793,117.014404,2017-02-16
1794,117.563423,2017-02-17
1795,118.326462,2017-02-21
1796,118.447441,2017-02-22
1797,119.731544,2017-02-23
1798,120.289909,2017-02-24
1799,119.647797,2017-02-27
1800,119.629204,2017-02-28
1801,121.946228,2017-03-01
1802,121.704292,2017-03-02
1803,121.155281,2017-03-03
1804,120.680702,2017-03-06
1805,120.1689,2017-03-07
1806,120.355042,2017-03-08
1807,120.792389,2017-03-09
1808,120.96917,2017-03-10
1809,122.253281,2017-03-13
1810,121.871796,2017-03-14
1811,123.602585,2017-03-15
1812,122.364975,2017-03-16
1813,123.444359,2017-03-17
1814,123.379288,2017-03-20
1815,123.18383,2017-03-21
1816,123.24897,2017-03-22
1817,122.4487,2017-03-23
1818,123.304817,2017-03-24
1819,123.286186,2017-03-27
1820,123.481598,2017-03-28
1821,123.131538,2017-03-29
1822,123.178177,2017-03-30
1823,122.898155,2017-03-31
1824,123.159538,2017-04-03
1825,122.674103,2017-04-04
1826,122.459389,2017-04-05
1827,122.142014,2017-04-06
1828,122.142014,2017-04-07
1829,122.039299,2017-04-10
1830,121.908615,2017-04-11
1831,121.740616,2017-04-12
1832,121.292488,2017-04-13
1833,122.263367,2017-04-17
1834,122.207344,2017-04-18
1835,123.056862,2017-04-19
1836,123.934357,2017-04-20
1837,124.102402,2017-04-21
1838,125.512009,2017-04-24
1839,126.576241,2017-04-25
1840,127.136337,2017-04-26
1841,126.37085,2017-04-27
1842,127.304382,2017-04-28
1843,126.74424,2017-05-01
1844,127.117676,2017-05-02
1845,126.688278,2017-05-03
1846,126.006767,2017-05-04
1847,126.921669,2017-05-05
1848,125.885437,2017-05-08
1849,125.904083,2017-05-09
1850,125.12928,2017-05-10
1851,125.876099,2017-05-11
1852,125.857422,2017-05-12
1853,126.986977,2017-05-15
1854,125.810768,2017-05-16
1855,124.662514,2017-05-17
1856,125.876099,2017-05-18
1857,127.715149,2017-05-19
1858,129.423447,2017-05-22
1859,130.599731,2017-05-23
1860,130.683716,2017-05-24
1861,131.486557,2017-05-25
1862,131.878616,2017-05-26
1863,132.541428,2017-05-30
1864,133.456284,2017-05-31
1865,135.080597,2017-06-01
1866,134.875229,2017-06-02
1867,134.632523,2017-06-05
1868,134.473801,2017-06-06
1869,134.837891,2017-06-07
1870,132.961517,2017-06-08
1871,132.438736,2017-06-09
1872,131.271835,2017-06-12
1873,131.794632,2017-06-13
1874,132.457413,2017-06-14
1875,131.841278,2017-06-15
1876,132.784164,2017-06-16
1877,131.981308,2017-06-19
1878,131.607925,2017-06-20
1879,131.43988,2017-06-21
1880,131.831955,2017-06-22
1881,131.738617,2017-06-23
1882,130.609055,2017-06-26
1883,130.310333,2017-06-27
1884,130.904907,2017-06-28
1885,129.977905,2017-06-29
1886,129.949829,2017-06-30
1887,129.425446,2017-07-03
1888,130.84874,2017-07-05
1889,130.408646,2017-07-06
1890,132.140945,2017-07-07
1891,131.616562,2017-07-10
1892,131.560379,2017-07-11
1893,135.174805,2017-07-12
1894,134.088608,2017-07-13
1895,136.14856,2017-07-14
1896,135.59613,2017-07-17
1897,136.120514,2017-07-18
1898,136.916428,2017-07-19
1899,138.021362,2017-07-20
1900,136.888382,2017-07-21
1901,137.496979,2017-07-24
1902,136.766602,2017-07-25
1903,136.476318,2017-07-26
1904,134.884476,2017-07-27
1905,138.395889,2017-07-28
1906,137.740433,2017-07-31
1907,138.461426,2017-08-01
1908,135.905121,2017-08-02
1909,137.056885,2017-08-03
1910,137.206696,2017-08-04
1911,137.393997,2017-08-07
1912,136.841507,2017-08-08
1913,135.942551,2017-08-09
1914,134.753403,2017-08-10
1915,135.006241,2017-08-11
1916,136.710419,2017-08-14
1917,138.058823,2017-08-15
1918,138.030701,2017-08-16
1919,136.111099,2017-08-17
1920,135.109222,2017-08-18
1921,135.895782,2017-08-21
1922,136.251633,2017-08-22
1923,129.556519,2017-08-23
1924,129.940445,2017-08-24
1925,130.979843,2017-08-25
1926,130.68956,2017-08-28
1927,130.539764,2017-08-29
1928,130.464844,2017-08-30
1929,132.375031,2017-08-31
1930,132.112854,2017-09-01
1931,132.599731,2017-09-05
1932,132.140945,2017-09-06
1933,133.170959,2017-09-07
1934,133.433136,2017-09-08
1935,134.547379,2017-09-11
1936,134.397552,2017-09-12
1937,133.929413,2017-09-13
1938,135.296494,2017-09-14
1939,134.725311,2017-09-15
1940,135.333954,2017-09-18
1941,133.938766,2017-09-19
1942,133.629761,2017-09-20
1943,131.719574,2017-09-21
1944,131.925537,2017-09-22
1945,131.223282,2017-09-25
1946,132.10347,2017-09-26
1947,132.000443,2017-09-27
1948,131.695236,2017-09-28
1949,133.385788,2017-09-29
1950,134.785217,2017-10-02
1951,134.897903,2017-10-03
1952,137.095688,2017-10-04
1953,139.293396,2017-10-05
1954,139.941467,2017-10-06
1955,137.05806,2017-10-09
1956,135.893494,2017-10-10
1957,137.508911,2017-10-11
1958,137.64975,2017-10-12
1959,137.771881,2017-10-13
1960,138.335373,2017-10-16
1961,139.744186,2017-10-17
1962,139.603302,2017-10-18
1963,140.242004,2017-10-19
1964,141.340836,2017-10-20
1965,140.805496,2017-10-23
1966,140.589523,2017-10-24
1967,141.049667,2017-10-25
1968,139.7724,2017-10-26
1969,150.028503,2017-10-27
1970,145.924133,2017-10-30
1971,145.45459,2017-10-31
1972,145.041306,2017-11-01
1973,145.595474,2017-11-02
1974,146.684937,2017-11-03
1975,146.18718,2017-11-06
1976,146.722473,2017-11-07
1977,146.947922,2017-11-08
1978,147.098145,2017-11-09
1979,145.088257,2017-11-10
1980,146.281082,2017-11-13
1981,146.468887,2017-11-14
1982,145.38884,2017-11-15
1983,146.96669,2017-11-16
1984,145.952316,2017-11-17
1985,145.341858,2017-11-20
1986,146.262268,2017-11-21
1987,145.37941,2017-11-22
1988,145.266739,2017-11-24
1989,145.689346,2017-11-27
1990,146.30925,2017-11-28
1991,144.731384,2017-11-29
1992,146.515869,2017-11-30
1993,146.393799,2017-12-01
1994,143.097214,2017-12-04
1995,142.787247,2017-12-05
1996,142.533661,2017-12-06
1997,141.960709,2017-12-07
1998,142.693283,2017-12-08
1999,143.425919,2017-12-11
2000,144.32753,2017-12-12
2001,143.989426,2017-12-13
2002,142.139191,2017-12-14
2003,144.872253,2017-12-15
2004,146.036835,2017-12-18
2005,145.820847,2017-12-19
2006,145.370041,2017-12-20
2007,144.731384,2017-12-21
2008,144.768951,2017-12-22
2009,144.834702,2017-12-26
2010,146.158981,2017-12-27
2011,146.601761,2017-12-28
2012,145.866943,2017-12-29
2013,148.749588,2018-01-02
2014,149.588043,2018-01-03
2015,149.540939,2018-01-04
2016,151.726486,2018-01-05
2017,153.798965,2018-01-08
2018,151.462738,2018-01-09
2019,150.294556,2018-01-10
2020,149.409058,2018-01-11
2021,149.06044,2018-01-12
2022,150.228607,2018-01-16
2023,150.982254,2018-01-17
2024,150.991684,2018-01-18
2025,151.933746,2018-01-19
2026,153.101883,2018-01-22
2027,152.555496,2018-01-23
2028,154.957748,2018-01-24
2029,155.956268,2018-01-25
2030,159.121582,2018-01-26
2031,158.970871,2018-01-29
2032,158.688202,2018-01-30
2033,154.85408,2018-01-31
2034,155.230881,2018-02-01
2035,152.847534,2018-02-02
2036,145.452423,2018-02-05
2037,145.207489,2018-02-06
2038,144.764725,2018-02-07
2039,139.432724,2018-02-08
2040,142.456696,2018-02-09
2041,144.755325,2018-02-12
2042,145.603165,2018-02-13
2043,147.185806,2018-02-14
2044,149.352509,2018-02-15
2045,150.605423,2018-02-16
2046,149.540939,2018-02-20
2047,148.730743,2018-02-21
2048,149.748184,2018-02-22
2049,152.329376,2018-02-23
2050,156.163544,2018-02-26
2051,154.609116,2018-02-27
2052,152.762711,2018-02-28
2053,150.059052,2018-03-01
2054,151.481522,2018-03-02
2055,153.120728,2018-03-05
2056,153.299713,2018-03-06
2057,153.544647,2018-03-07
2058,153.883774,2018-03-08
2059,156.766464,2018-03-09
2060,158.160706,2018-03-12
2061,157.425888,2018-03-13
2062,156.738174,2018-03-14
2063,156.804123,2018-03-15
2064,157.802673,2018-03-16
2065,156.408463,2018-03-19
2066,156.860657,2018-03-20
2067,155.183792,2018-03-21
2068,151.490967,2018-03-22
2069,148.438766,2018-03-23
2070,151.104706,2018-03-26
2071,149.352509,2018-03-27
2072,149.258011,2018-03-28
2073,152.045349,2018-03-29
2074,147.632889,2018-04-02
2075,150.316269,2018-04-03
2076,150.070587,2018-04-04
2077,151.242249,2018-04-05
2078,146.612411,2018-04-06
2079,148.388794,2018-04-09
2080,151.535156,2018-04-10
2081,149.144669,2018-04-11
2082,149.815491,2018-04-12
2083,149.617096,2018-04-13
2084,153.122482,2018-04-16
2085,154.624786,2018-04-17
2086,155.626373,2018-04-18
2087,154.530304,2018-04-19
2088,155.191711,2018-04-20
2089,157.582153,2018-04-23
2090,155.626373,2018-04-24
2091,156.259369,2018-04-25
2092,158.838821,2018-04-26
2093,161.257614,2018-04-27
2094,160.076599,2018-04-30
2095,159.623077,2018-05-01
2096,157.818405,2018-05-02
2097,157.610519,2018-05-03
2098,158.734848,2018-05-04
2099,158.24353,2018-05-07
2100,157.431,2018-05-08
2101,158.158493,2018-05-09
2102,159.651398,2018-05-10
2103,160.133255,2018-05-11
2104,159.821457,2018-05-14
2105,158.942734,2018-05-15
2106,162.287491,2018-05-16
2107,161.815079,2018-05-17
2108,163.279617,2018-05-18
2109,164.158325,2018-05-21
2110,163.364655,2018-05-22
2111,165.745712,2018-05-23
2112,165.386658,2018-05-24
2113,164.196121,2018-05-25
2114,162.835541,2018-05-29
2115,165.414993,2018-05-30
2116,164.422897,2018-05-31
2117,165.783478,2018-06-01
2118,166.643265,2018-06-04
2119,167.446411,2018-06-05
2120,169.865234,2018-06-06
2121,168.325104,2018-06-07
2122,169.081009,2018-06-08
2123,160.416748,2018-06-11
2124,153.575989,2018-06-12
2125,157.412079,2018-06-13
2126,159.443527,2018-06-14
2127,159.093933,2018-06-15
2128,160.860809,2018-06-18
2129,160.369476,2018-06-19
2130,160.189926,2018-06-20
2131,160.445053,2018-06-21
2132,162.514282,2018-06-22
2133,160.88916,2018-06-25
2134,162.750488,2018-06-26
2135,159.830872,2018-06-27
2136,160.096207,2018-06-28
2137,159.991974,2018-06-29
2138,161.03421,2018-07-02
2139,160.873123,2018-07-03
2140,162.33223,2018-07-05
2141,164.018799,2018-07-06
2142,164.492508,2018-07-09
2143,165.222076,2018-07-10
2144,164.312469,2018-07-11
2145,165.174713,2018-07-12
2146,165.146286,2018-07-13
2147,164.312469,2018-07-16
2148,166.861237,2018-07-17
2149,164.615692,2018-07-18
2150,163.781921,2018-07-19
2151,165.146286,2018-07-20
2152,165.506317,2018-07-23
2153,163.838791,2018-07-24
2154,161.053177,2018-07-25
2155,162.389114,2018-07-26
2156,160.162506,2018-07-27
2157,156.325226,2018-07-30
2158,154.676559,2018-07-31
2159,156.334686,2018-08-01
2160,157.708572,2018-08-02
2161,156.618896,2018-08-03
2162,157.405334,2018-08-06
2163,156.505249,2018-08-07
2164,157.433792,2018-08-08
2165,158.23912,2018-08-09
2166,157.168457,2018-08-10
2167,157.386383,2018-08-13
2168,157.481186,2018-08-14
2169,158.02121,2018-08-15
2170,159.830902,2018-08-16
2171,161.053177,2018-08-17
2172,160.029861,2018-08-20
2173,159.461411,2018-08-21
2174,160.645706,2018-08-22
2175,160.503647,2018-08-23
2176,161.053177,2018-08-24
2177,161.526871,2018-08-27
2178,160.967896,2018-08-28
2179,162.275406,2018-08-29
2180,160.14357,2018-08-30
2181,160.532074,2018-08-31
2182,159.745636,2018-09-04
2183,159.215042,2018-09-05
2184,162.25647,2018-09-06
2185,160.835236,2018-09-07
2186,161.44162,2018-09-10
2187,162.739655,2018-09-11
2188,164.189331,2018-09-12
2189,163.980911,2018-09-13
2190,161.545853,2018-09-14
2191,160.95842,2018-09-17
2192,164.956772,2018-09-18
2193,164.416718,2018-09-19
2194,164.378845,2018-09-20
2195,165.3358,2018-09-21
2196,166.832825,2018-09-24
2197,166.539063,2018-09-25
2198,166.548584,2018-09-26
2199,166.292053,2018-09-27
2200,168.80014,2018-09-28
2201,169.721634,2018-10-01
2202,168.515091,2018-10-02
2203,166.548584,2018-10-03
2204,164.895538,2018-10-04
2205,165.389526,2018-10-05
2206,166.254044,2018-10-08
2207,167.280075,2018-10-09
2208,162.596451,2018-10-10
2209,160.287933,2018-10-11
2210,162.491974,2018-10-12
2211,160.943405,2018-10-15
2212,166.349075,2018-10-16
2213,167.422592,2018-10-17
2214,164.449036,2018-10-18
2215,160.496918,2018-10-19
2216,159.3759,2018-10-22
2217,158.302368,2018-10-23
2218,155.043762,2018-10-24
2219,157.010315,2018-10-25
2220,152.364731,2018-10-26
2221,153.666275,2018-10-29
2222,153.941727,2018-10-30
2223,154.112762,2018-10-31
2224,158.245422,2018-11-01
2225,157.105331,2018-11-02
2226,158.017349,2018-11-05
2227,158.397354,2018-11-06
2228,161.266418,2018-11-07
2229,162.729462,2018-11-08
2230,162.691483,2018-11-09
2231,161.513428,2018-11-12
2232,159.432907,2018-11-13
2233,157.703827,2018-11-14
2234,160.287933,2018-11-15
2235,163.555984,2018-11-16
2236,159.33786,2018-11-19
2237,157.656326,2018-11-20
2238,156.126816,2018-11-21
2239,156.563843,2018-11-23
2240,157.618347,2018-11-26
2241,158.720352,2018-11-27
2242,163.099976,2018-11-28
2243,162.368454,2018-11-29
2244,166.691086,2018-11-30
2245,165.199539,2018-12-03
2246,163.641464,2018-12-04
2247,163.822006,2018-12-06
2248,160.411407,2018-12-07
2249,162.662964,2018-12-10
2250,163.080978,2018-12-11
2251,163.983475,2018-12-12
2252,164.221024,2018-12-13
2253,158.23587,2018-12-14
2254,152.1082,2018-12-17
2255,153.409744,2018-12-18
2256,150.103653,2018-12-19
2257,146.104034,2018-12-20
2258,143.196991,2018-12-21
2259,137.753326,2018-12-24
2260,143.291977,2018-12-26
2261,146.873596,2018-12-27
2262,147.559921,2018-12-28
2263,149.418732,2018-12-31
2264,147.273926,2019-01-02
2265,145.329361,2019-01-03
2266,149.714188,2019-01-04
2267,149.657028,2019-01-07
2268,151.468155,2019-01-08
2269,152.326065,2019-01-09
2270,153.793991,2019-01-10
2271,152.030563,2019-01-11
2272,150.286133,2019-01-14
2273,154.556595,2019-01-15
2274,155.75766,2019-01-16
2275,156.720444,2019-01-17
2276,159.713547,2019-01-18
2277,158.121658,2019-01-22
2278,158.026352,2019-01-23
2279,159.47525,2019-01-24
2280,158.007324,2019-01-25
2281,154.423141,2019-01-28
2282,153.536652,2019-01-29
2283,170.999802,2019-01-30
2284,169.264938,2019-01-31
2285,169.017105,2019-02-01
2286,168.855042,2019-02-04
2287,170.96167,2019-02-05
2288,172.248505,2019-02-06
2289,172.296188,2019-02-07
2290,174.116852,2019-02-08
2291,174.946182,2019-02-11
2292,176.976578,2019-02-12
2293,176.62384,2019-02-13
2294,176.862152,2019-02-14
2295,178.091858,2019-02-15
2296,177.405533,2019-02-19
2297,178.863937,2019-02-20
2298,178.806763,2019-02-21
2299,179.845764,2019-02-22
2300,178.711441,2019-02-25
2301,176.576233,2019-02-26
2302,178.034637,2019-02-27
2303,179.693237,2019-02-28
2304,182.619659,2019-03-01
2305,181.752243,2019-03-04
2306,181.04686,2019-03-05
2307,179.531189,2019-03-06
2308,178.311066,2019-03-07
2309,178.473114,2019-03-08
2310,180.370071,2019-03-11
2311,181.87619,2019-03-12
2312,182.867554,2019-03-13
2313,184.306839,2019-03-14
2314,184.964645,2019-03-15
2315,184.526108,2019-03-18
2316,186.947342,2019-03-19
2317,187.919632,2019-03-20
2318,188.73938,2019-03-21
2319,185.345917,2019-03-22
2320,186.041794,2019-03-25
2321,186.90921,2019-03-26
2322,187.02359,2019-03-27
2323,187.444122,2019-03-28
2324,188.782227,2019-03-29
2325,187.425018,2019-04-01
2326,186.536194,2019-04-02
2327,186.220779,2019-04-03
2328,185.140762,2019-04-04
2329,186.603073,2019-04-05
2330,187.080963,2019-04-08
2331,187.300766,2019-04-09
2332,187.463242,2019-04-10
2333,186.689102,2019-04-11
2334,184.146759,2019-04-12
2335,184.863571,2019-04-15
2336,180.677322,2019-04-16
2337,172.266617,2019-04-17
2338,172.285767,2019-04-18
2339,174.101715,2019-04-22
2340,178.689362,2019-04-23
2341,176.854294,2019-04-24
2342,178.890045,2019-04-25
2343,179.950928,2019-04-26
2344,179.004745,2019-04-29
2345,180.553101,2019-04-30
2346,178.440857,2019-05-01
2347,180.495773,2019-05-02
2348,182.273468,2019-05-03
2349,182.569778,2019-05-06
2350,179.234131,2019-05-07
2351,179.731155,2019-05-08
2352,179.692902,2019-05-09
2353,179.014282,2019-05-10
2354,176.051468,2019-05-13
2355,176.032364,2019-05-14
2356,177.456421,2019-05-15
2357,177.418198,2019-05-16
2358,175.994095,2019-05-17
2359,176.156601,2019-05-20
2360,177.24614,2019-05-21
2361,177.72403,2019-05-22
2362,176.338196,2019-05-23
2363,176.596237,2019-05-24
2364,173.929688,2019-05-28
2365,173.356171,2019-05-29
2366,175.621384,2019-05-30
2367,175.133926,2019-05-31
2368,174.923645,2019-06-03
2369,178.201935,2019-06-04
2370,180.772934,2019-06-05
2371,183.334335,2019-06-06
2372,185.704681,2019-06-07
2373,187.444122,2019-06-10
2374,186.192093,2019-06-11
2375,188.428543,2019-06-12
2376,188.074966,2019-06-13
2377,186.822906,2019-06-14
2378,187.702209,2019-06-17
2379,189.412964,2019-06-18
2380,191.620834,2019-06-19
2381,194.287384,2019-06-20
2382,193.752167,2019-06-21
2383,195.434311,2019-06-24
2384,194.784393,2019-06-25
2385,193.417664,2019-06-26
2386,194.078796,2019-06-27
2387,196.991837,2019-06-28
2388,197.911713,2019-07-01
2389,197.202652,2019-07-02
2390,199.454468,2019-07-03
2391,199.847351,2019-07-05
2392,199.377823,2019-07-08
2393,200.24025,2019-07-09
2394,200.326447,2019-07-10
2395,202.032089,2019-07-11
2396,197.777573,2019-07-12
2397,196.905609,2019-07-15
2398,196.819351,2019-07-16
2399,199.262833,2019-07-17
2400,201.658386,2019-07-18
2401,199.329926,2019-07-19
2402,199.780258,2019-07-22
2403,200.623505,2019-07-23
2404,204.648071,2019-07-24
2405,203.776062,2019-07-25
2406,205.491287,2019-07-26
2407,206.324966,2019-07-29
2408,204.686386,2019-07-30
2409,201.016373,2019-07-31
2410,204.025192,2019-08-01
2411,202.77951,2019-08-02
2412,197.068466,2019-08-05
2413,202.386642,2019-08-06
2414,202.894485,2019-08-07
2415,208.691757,2019-08-08
2416,209.602081,2019-08-09
2417,208.116837,2019-08-12
2418,209.956635,2019-08-13
2419,203.201141,2019-08-14
2420,206.305771,2019-08-15
2421,207.934769,2019-08-16
2422,209.506256,2019-08-19
2423,208.835464,2019-08-20
2424,209.870392,2019-08-21
2425,209.151733,2019-08-22
2426,205.155914,2019-08-23
2427,208.068893,2019-08-26
2428,209.381683,2019-08-27
2429,210.320755,2019-08-28
2430,212.553406,2019-08-29
2431,211.441864,2019-08-30
2432,209.00795,2019-09-03
2433,209.851227,2019-09-04
2434,211.020248,2019-09-05
2435,212.150925,2019-09-06
2436,208.107239,2019-09-09
2437,204.763031,2019-09-10
2438,208.845062,2019-09-11
2439,210.847763,2019-09-12
2440,209.06546,2019-09-13
2441,206.296219,2019-09-16
2442,209.27626,2019-09-17
2443,211.269379,2019-09-18
2444,211.815582,2019-09-19
2445,211.959305,2019-09-20
2446,210.991501,2019-09-23
2447,208.883377,2019-09-24
2448,208.845062,2019-09-25
2449,207.350235,2019-09-26
2450,205.179459,2019-09-27
2451,207.76329,2019-09-30
2452,204.324585,2019-10-01
2453,200.847458,2019-10-02
2454,204.718399,2019-10-03
2455,206.98526,2019-10-04
2456,204.535889,2019-10-07
2457,199.675598,2019-10-08
2458,202.547577,2019-10-09
2459,202.951004,2019-10-10
2460,205.371536,2019-10-11
2461,204.266953,2019-10-14
2462,206.466568,2019-10-15
2463,207.23497,2019-10-16
2464,207.052475,2019-10-17
2465,206.821976,2019-10-18
2466,206.581848,2019-10-21
2467,201.481384,2019-10-22
2468,202.153793,2019-10-23
2469,203.066284,2019-10-24
2470,203.26796,2019-10-25
2471,205.285095,2019-10-28
2472,211.82634,2019-10-29
2473,208.522125,2019-10-30
2474,207.734482,2019-10-31
2475,204.372589,2019-11-01
2476,197.07254,2019-11-04
2477,190.540863,2019-11-05
2478,193.076736,2019-11-06
2479,192.855804,2019-11-07
2480,191.895294,2019-11-08
2481,190.588928,2019-11-11
2482,192.279449,2019-11-12
2483,193.768295,2019-11-13
2484,195.141861,2019-11-14
2485,198.10994,2019-11-15
2486,196.966888,2019-11-18
2487,198.945587,2019-11-19
2488,196.236908,2019-11-20
2489,193.33606,2019-11-21
2490,193.633804,2019-11-22
2491,195.084259,2019-11-25
2492,194.469528,2019-11-26
2493,196.851639,2019-11-27
2494,196.77478,2019-11-29
2495,194.34462,2019-12-02
2496,195.05542,2019-12-03
2497,196.304123,2019-12-04
2498,195.18988,2019-12-05
2499,195.939148,2019-12-06
2500,192.490799,2019-12-09
2501,190.310394,2019-12-10
2502,190.166321,2019-12-11
2503,191.885666,2019-12-12
2504,194.920929,2019-12-13
2505,196.188873,2019-12-16
2506,195.430023,2019-12-17
2507,200.290314,2019-12-18
2508,199.867661,2019-12-19
2509,201.711929,2019-12-20
2510,204.151657,2019-12-23
2511,203.229568,2019-12-24
2512,201.471771,2019-12-26
2513,202.240234,2019-12-27
2514,201.041061,2019-12-30
2515,202.206512,2019-12-31
2516,202.697708,2020-01-02
2517,201.8694,2020-01-03
2518,204.402527,2020-01-06
2519,201.898285,2020-01-07
2520,202.928894,2020-01-08
2521,203.834259,2020-01-09
2522,201.9272,2020-01-10
2523,199.268875,2020-01-13
2524,200.299469,2020-01-14
2525,199.134018,2020-01-15
2526,201.744171,2020-01-16
2527,204.35434,2020-01-17
2528,206.742996,2020-01-21
2529,209.073853,2020-01-22
2530,208.255173,2020-01-23
2531,206.338486,2020-01-24
2532,206.694839,2020-01-27
2533,206.309586,2020-01-28
2534,202.919235,2020-01-29
2535,205.953171,2020-01-30
2536,202.938477,2020-01-31
2537,203.843887,2020-02-03
2538,208.380371,2020-02-04
2539,209.709534,2020-02-05
2540,210.200775,2020-02-06
2541,206.897095,2020-02-07
2542,209.227982,2020-02-10
2543,210.104431,2020-02-11
2544,208.120346,2020-02-12
2545,209.401321,2020-02-13
2546,213.379227,2020-02-14
2547,213.754822,2020-02-18
2548,216.808075,2020-02-19
2549,216.201263,2020-02-20
2550,216.037521,2020-02-21
2551,207.609848,2020-02-24
2552,198.710205,2020-02-25
2553,194.231506,2020-02-26
2554,187.672379,2020-02-27
2555,183.569321,2020-02-28
2556,189.955063,2020-03-02
2557,181.874115,2020-03-03
2558,191.091583,2020-03-04
2559,182.615768,2020-03-05
2560,179.032776,2020-03-06
2561,166.270889,2020-03-09
2562,176.798279,2020-03-10
2563,169.150742,2020-03-11
2564,148.567932,2020-03-12
2565,158.247757,2020-03-13
2566,138.531769,2020-03-16
2567,134.996964,2020-03-17
2568,133.87973,2020-03-18
2569,143.992905,2020-03-19
2570,134.245697,2020-03-20
2571,121.840157,2020-03-23
2572,138.156158,2020-03-24
2573,147.412125,2020-03-25
2574,157.313461,2020-03-26
2575,153.354874,2020-03-27
2576,157.525955,2020-03-30
2577,160.938278,2020-03-31
2578,139.845871,2020-04-01
2579,144.592133,2020-04-02
2580,143.132492,2020-04-03
2581,160.135925,2020-04-06
2582,160.261597,2020-04-07
2583,170.546768,2020-04-08
2584,176.627075,2020-04-09
2585,166.341858,2020-04-13
2586,169.541504,2020-04-14
2587,166.78653,2020-04-15
2588,168.980789,2020-04-16
2589,183.190659,2020-04-17
2590,178.560364,2020-04-20
2591,172.944107,2020-04-21
2592,175.853745,2020-04-22
2593,176.395065,2020-04-23
2594,181.846985,2020-04-24
2595,185.558945,2020-04-27
2596,178.840683,2020-04-28
2597,186.254913,2020-04-29
2598,180.213348,2020-04-30
2599,174.597061,2020-05-01
2600,172.615479,2020-05-04
2601,181.663315,2020-05-05
2602,179.64299,2020-05-06
2603,185.781265,2020-05-07
2604,185.674942,2020-05-08
2605,187.182922,2020-05-11
2606,181.895325,2020-05-12
2607,175.099747,2020-05-13
2608,173.398453,2020-05-14
2609,174.258743,2020-05-15
2610,185.520279,2020-05-18
2611,181.982361,2020-05-19
2612,184.611618,2020-05-20
2613,178.918015,2020-05-21
2614,177.99971,2020-05-22
2615,180.087692,2020-05-26
2616,185.23027,2020-05-27
2617,188.835876,2020-05-28
2618,189.203247,2020-05-29
2619,190.672531,2020-06-01
2620,191.774536,2020-06-02
2621,194.007492,2020-06-03
2622,191.474884,2020-06-04
2623,200.126434,2020-06-05
2624,199.130768,2020-06-08
2625,194.007492,2020-06-09
2626,194.442505,2020-06-10
2627,177.419739,2020-06-11
2628,181.527985,2020-06-12
2629,182.194977,2020-06-15
2630,185.085266,2020-06-16
2631,183.238953,2020-06-17
2632,183.68364,2020-06-18
2633,180.870682,2020-06-19
2634,178.918015,2020-06-22
2635,180.571014,2020-06-23
2636,170.421158,2020-06-24
2637,169.75415,2020-06-25
2638,167.965851,2020-06-26
2639,172.170197,2020-06-29
2640,174.75972,2020-06-30
2641,178.299728,2020-07-01
2642,178.396713,2020-07-02
2643,178.357925,2020-07-06
2644,174.905228,2020-07-07
2645,176.29213,2020-07-08
2646,172.412659,2020-07-09
2647,172.529022,2020-07-10
2648,172.499969,2020-07-13
2649,177.203812,2020-07-14
2650,182.935669,2020-07-15
2651,180.966843,2020-07-16
2652,187.232193,2020-07-17
2653,184.933594,2020-07-20
2654,186.70845,2020-07-21
2655,188.99733,2020-07-22
2656,189.27861,2020-07-23
2657,192.837997,2020-07-24
2658,191.392868,2020-07-27
2659,188.42511,2020-07-28
2660,195.34024,2020-07-29
2661,194.166718,2020-07-30
2662,187.474655,2020-07-31
2663,185.825867,2020-08-03
2664,183.595215,2020-08-04
2665,182.295593,2020-08-05
2666,182.906601,2020-08-06
2667,185.76767,2020-08-07
2668,182.014313,2020-08-10
2669,183.226669,2020-08-11
2670,184.448685,2020-08-12
2671,185.205154,2020-08-13
2672,182.693237,2020-08-14
2673,183.333344,2020-08-17
2674,183.653412,2020-08-18
2675,180.491623,2020-08-19
2676,182.198578,2020-08-20
2677,183.09082,2020-08-21
2678,183.013306,2020-08-24
2679,183.857071,2020-08-25
2680,183.313934,2020-08-26
2681,190.287247,2020-08-27
2682,192.236725,2020-08-28
2683,192.188202,2020-08-31
2684,192.062103,2020-09-01
2685,195.543884,2020-09-02
2686,192.168762,2020-09-03
2687,191.664459,2020-09-04
2688,194.050293,2020-09-08
2689,199.219681,2020-09-09
2690,195.699066,2020-09-10
2691,195.93187,2020-09-11
2692,199.316696,2020-09-14
2693,204.156326,2020-09-15
2694,209.306259,2020-09-16
2695,205.194061,2020-09-17
2696,200.160477,2020-09-18
2697,196.795044,2020-09-21
2698,197.241135,2020-09-22
2699,196.3004,2020-09-23
2700,192.964081,2020-09-24
2701,198.831757,2020-09-25
2702,201.004242,2020-09-28
2703,199.12233,2020-09-29
2704,202.65274,2020-09-30
2705,202.944504,2020-10-01
2706,202.584671,2020-10-02
2707,208.186615,2020-10-05
2708,204.811813,2020-10-06
2709,211.434952,2020-10-07
2710,213.078598,2020-10-08
2711,216.813232,2020-10-09
2712,219.439148,2020-10-12
2713,213.963654,2020-10-13
2714,215.150146,2020-10-14
2715,216.229706,2020-10-15
2716,217.902512,2020-10-16
2717,214.829208,2020-10-19
2718,214.741684,2020-10-20
2719,214.838913,2020-10-21
2720,218.476303,2020-10-22
2721,215.811462,2020-10-23
2722,208.847961,2020-10-26
2723,207.603088,2020-10-27
2724,199.326569,2020-10-28
2725,199.754486,2020-10-29
2726,196.467224,2020-10-30
2727,197.216125,2020-11-02
2728,202.545761,2020-11-03
2729,202.030304,2020-11-04
2730,204.821564,2020-11-05
2731,207.583633,2020-11-06
2732,227.919907,2020-11-09
2733,224.243622,2020-11-10
2734,219.059875,2020-11-11
2735,219.040421,2020-11-12
2736,225.576035,2020-11-13
2737,229.310669,2020-11-16
2738,225.089737,2020-11-17
2739,225.400955,2020-11-18
2740,227.161285,2020-11-19
2741,226.470764,2020-11-20
2742,226.616623,2020-11-23
2743,233.71637,2020-11-24
2744,227.30719,2020-11-25
2745,226.42215,2020-11-27
2746,226.995972,2020-11-30
2747,224.661819,2020-12-01
2748,227.832352,2020-12-02
2749,228.338104,2020-12-03
2750,233.016098,2020-12-04
2751,230.302658,2020-12-07
2752,228.989685,2020-12-08
2753,229.456543,2020-12-09
2754,228.678513,2020-12-10
2755,225.828888,2020-12-11
2756,224.613174,2020-12-14
2757,227.637863,2020-12-15
2758,228.678513,2020-12-16
2759,231.566986,2020-12-17
2760,233.414871,2020-12-18
2761,228.415894,2020-12-21
2762,228.834106,2020-12-22
2763,229.845566,2020-12-23
2764,230.555527,2020-12-24
2765,231.994904,2020-12-28
2766,234.241547,2020-12-29
2767,236.035751,2020-12-30
2768,238.941589,2020-12-31
2769,233.071411,2021-01-04
2770,233.69548,2021-01-05
2771,236.416031,2021-01-06
2772,237.654449,2021-01-07
2773,237.595917,2021-01-08
2774,235.830978,2021-01-11
2775,233.256699,2021-01-12
2776,237.147385,2021-01-13
2777,236.104019,2021-01-14
2778,235.967514,2021-01-15
2779,236.045517,2021-01-19
2780,239.107361,2021-01-20
2781,237.537415,2021-01-21
2782,233.958771,2021-01-22
2783,233.588211,2021-01-25
2784,232.076797,2021-01-26
2785,225.007233,2021-01-27
2786,224.275879,2021-01-28
2787,215.509628,2021-01-29
2788,220.902008,2021-02-01
2789,229.278229,2021-02-02
2790,228.127609,2021-02-03
2791,231.179703,2021-02-04
2792,232.837402,2021-02-05
2793,236.416031,2021-02-08
2794,236.123505,2021-02-09
2795,236.981613,2021-02-10
2796,239.234116,2021-02-11
2797,241.974197,2021-02-12
2798,241.691437,2021-02-16
2799,240.433502,2021-02-17
2800,239.058609,2021-02-18
2801,236.065018,2021-02-19
2802,237.098633,2021-02-22
2803,240.423767,2021-02-23
2804,242.627518,2021-02-24
2805,239.663162,2021-02-25
2806,236.650085,2021-02-26
2807,239.692444,2021-03-01
2808,239.282883,2021-03-02
2809,236.835373,2021-03-03
2810,229.931564,2021-03-04
2811,234.056274,2021-03-05
2812,230.126572,2021-03-08
2813,231.267471,2021-03-09
2814,234.105057,2021-03-10
2815,233.305435,2021-03-11
2816,234.768112,2021-03-12
2817,235.245911,2021-03-15
2818,232.106049,2021-03-16
2819,230.302094,2021-03-17
2820,225.114502,2021-03-18
2821,224.275879,2021-03-19
2822,226.304153,2021-03-22
2823,223.720093,2021-03-23
2824,227.991089,2021-03-24
2825,229.483002,2021-03-25
2826,234.982651,2021-03-26
2827,236.006531,2021-03-29
2828,237.668533,2021-03-30
2829,238.137817,2021-03-31
2830,237.521866,2021-04-01
2831,242.928284,2021-04-05
2832,242.840332,2021-04-06
2833,241.911545,2021-04-07
2834,244.287247,2021-04-08
2835,247.660187,2021-04-09
2836,246.203491,2021-04-12
2837,247.904587,2021-04-13
2838,246.653168,2021-04-14
2839,251.111328,2021-04-15
2840,251.385086,2021-04-16
2841,251.013519,2021-04-19
2842,252.656006,2021-04-20
2843,257.994019,2021-04-21
2844,258.267822,2021-04-22
2845,261.034515,2021-04-23
2846,259.352905,2021-04-26
2847,259.108551,2021-04-27
2848,253.780319,2021-04-28
2849,257.544281,2021-04-29
2850,256.762177,2021-04-30
2851,257.22171,2021-05-03
2852,249.879456,2021-05-04
2853,247.415771,2021-05-05
2854,248.452103,2021-05-06
2855,249.087555,2021-05-07
2856,250.260757,2021-05-10
2857,245.880844,2021-05-11
2858,239.291428,2021-05-12
2859,242.312408,2021-05-13
2860,247.298462,2021-05-14
2861,246.223053,2021-05-17
2862,247.190903,2021-05-18
2863,246.61409,2021-05-19
2864,248.667175,2021-05-20
2865,249.938141,2021-05-21
2866,251.404602,2021-05-24
2867,251.052658,2021-05-25
2868,246.790085,2021-05-26
2869,248.823578,2021-05-27
2870,249.566635,2021-05-28
2871,250.074982,2021-06-01
2872,245.118271,2021-06-02
2873,244.121063,2021-06-03
2874,246.203491,2021-06-04
2875,243.96463,2021-06-07
2876,244.160187,2021-06-08
2877,247.474426,2021-06-09
2878,250.925583,2021-06-10
2879,250.074982,2021-06-11
2880,249.977234,2021-06-14
2881,250.945084,2021-06-15
2882,250.671371,2021-06-16
2883,253.750961,2021-06-17
2884,249.214661,2021-06-18
2885,253.926956,2021-06-21
2886,256.86972,2021-06-22
2887,256.771973,2021-06-23
2888,255.549881,2021-06-24
2889,257.123871,2021-06-25
2890,254.542862,2021-06-28
2891,255.238724,2021-06-29
2892,254.542877,2021-06-30
2893,257.453613,2021-07-01
2894,260.119232,2021-07-02
2895,259.570435,2021-07-06
2896,260.040802,2021-07-07
2897,258.668823,2021-07-08
2898,259.148987,2021-07-09
2899,259.629272,2021-07-12
2900,256.375519,2021-07-13
2901,256.140381,2021-07-14
2902,251.916382,2021-07-15
2903,252.445618,2021-07-16
2904,243.929169,2021-07-19
2905,250.083755,2021-07-20
2906,253.51384,2021-07-21
2907,253.925461,2021-07-22
2908,257.424164,2021-07-23
2909,258.266968,2021-07-26
2910,262.990753,2021-07-27
2911,263.314117,2021-07-28
2912,263.804108,2021-07-29
2913,265.528961,2021-07-30
2914,264.676422,2021-08-02
2915,262.657593,2021-08-03
2916,257.335968,2021-08-04
2917,259.227448,2021-08-05
2918,257.316315,2021-08-06
2919,252.406403,2021-08-09
2920,248.447083,2021-08-10
2921,252.377029,2021-08-11
2922,255.689529,2021-08-12
2923,257.894562,2021-08-13
2924,259.756622,2021-08-16
2925,262.236115,2021-08-17
2926,258.31601,2021-08-18
2927,259.041229,2021-08-19
2928,259.981995,2021-08-20
2929,259.981995,2021-08-23
2930,265.685791,2021-08-24
2931,266.068024,2021-08-25
2932,265.734772,2021-08-26
2933,267.959503,2021-08-27
2934,268.606293,2021-08-30
2935,271.56601,2021-08-31
2936,271.144562,2021-09-01
2937,272.134369,2021-09-02
2938,271.124969,2021-09-03
2939,273.104675,2021-09-07
2940,274.496246,2021-09-08
2941,271.389587,2021-09-09
2942,268.390656,2021-09-10
2943,265.421173,2021-09-13
2944,269.762756,2021-09-14
2945,271.56601,2021-09-15
2946,270.595764,2021-09-16
2947,267.57724,2021-09-17
2948,262.9711,2021-09-20
2949,262.8927,2021-09-21
2950,266.224823,2021-09-22
2951,270.644775,2021-09-23
2952,271.115204,2021-09-24
2953,268.018311,2021-09-27
2954,262.48111,2021-09-28
2955,263.158997,2021-09-29
2956,259.062561,2021-09-30
2957,263.483124,2021-10-01
2958,257.70697,2021-10-04
2959,257.854279,2021-10-05
2960,259.062561,2021-10-06
2961,261.263,2021-10-07
2962,259.023254,2021-10-08
2963,254.170517,2021-10-11
2964,253.620407,2021-10-12
2965,251.970093,2021-10-13
2966,259.190338,2021-10-14
2967,261.616699,2021-10-15
2968,257.422058,2021-10-18
2969,266.076477,2021-10-19
2970,268.925293,2021-10-20
2971,271.557922,2021-10-21
2972,270.860474,2021-10-22
2973,268.227783,2021-10-25
2974,268.355499,2021-10-26
2975,263.758179,2021-10-27
2976,263.699219,2021-10-28
2977,261.371094,2021-10-29
2978,263.659943,2021-11-01
2979,267.834869,2021-11-02
2980,267.058777,2021-11-03
2981,265.290558,2021-11-04
2982,271.282898,2021-11-05
2983,270.683624,2021-11-08
2984,270.310425,2021-11-09
2985,266.272919,2021-11-10
2986,258.767883,2021-11-11
2987,259.6716,2021-11-12
2988,257.264954,2021-11-15
2989,257.667664,2021-11-16
2990,257.431885,2021-11-17
2991,255.113586,2021-11-18
2992,259.033112,2021-11-19
2993,255.702957,2021-11-22
2994,250.044693,2021-11-23
2995,250.643921,2021-11-24
2996,239.180023,2021-11-26
2997,239.199661,2021-11-29
2998,232.451004,2021-11-30
2999,234.877365,2021-12-01
3000,243.030807,2021-12-02
3001,242.510162,2021-12-03
3002,249.916992,2021-12-06
3003,255.948578,2021-12-07
3004,256.66568,2021-12-08
3005,255.938766,2021-12-09
3006,255.604782,2021-12-10
3007,255.477051,2021-12-13
3008,250.251007,2021-12-14
3009,247.765656,2021-12-15
3010,247.019104,2021-12-16
3011,246.78334,2021-12-17
3012,243.394272,2021-12-20
3013,251.695023,2021-12-21
3014,259.386749,2021-12-22
3015,263.512543,2021-12-23
3016,265.644257,2021-12-27
3017,266.007751,2021-12-28
3018,266.322052,2021-12-29
3019,266.592865,2021-12-30
3020,263.372437,2021-12-31
3021,264.357269,2022-01-03
3022,273.565735,2022-01-04
3023,268.129303,2022-01-05
3024,267.390656,2022-01-06
3025,259.580688,2022-01-07
3026,259.856445,2022-01-10
3027,264.111053,2022-01-11
3028,263.973175,2022-01-12
3029,263.835297,2022-01-13
3030,262.673126,2022-01-14
3031,256.537476,2022-01-18
3032,254.390442,2022-01-19
3033,253.129791,2022-01-20
3034,250.825211,2022-01-21
3035,248.10701,2022-01-24
3036,245.497131,2022-01-25
3037,244.502396,2022-01-26
3038,241.61676,2022-01-27
3039,244.630417,2022-01-28
3040,244.295593,2022-01-31
3041,244.837265,2022-02-01
3042,250.618408,2022-02-02
3043,246.964554,2022-02-03
3044,247.151672,2022-02-04
3045,244.433456,2022-02-07
3046,251.238861,2022-02-08
3047,256.281372,2022-02-09
3048,251.573715,2022-02-10
3049,247.84111,2022-02-11
3050,246.659256,2022-02-14
3051,254.804062,2022-02-15
3052,255.660919,2022-02-16
3053,247.772156,2022-02-17
3054,244.384216,2022-02-18
3055,246.422882,2022-02-22
3056,249.78125,2022-02-23
3057,253.799545,2022-02-24
3058,261.767059,2022-02-25
3059,259.363983,2022-02-28
3060,258.64502,2022-03-01
3061,264.426178,2022-03-02
3062,262.436768,2022-03-03
3063,263.057251,2022-03-04
3064,249.574463,2022-03-07
3065,241.990997,2022-03-08
3066,245.910767,2022-03-09
3067,244.610733,2022-03-10
3068,244.019821,2022-03-11
3069,242.128876,2022-03-14
3070,250.490372,2022-03-15
3071,258.192017,2022-03-16
3072,260.00415,2022-03-17
3073,263.29361,2022-03-18
3074,261.767059,2022-03-21
3075,262.929199,2022-03-22
3076,251.603271,2022-03-23
3077,259.029175,2022-03-24
3078,261.973907,2022-03-25
3079,266.031525,2022-03-28
3080,268.838409,2022-03-29
3081,265.742981,2022-03-30
3082,263.975586,2022-03-31
3083,265.654083,2022-04-01
3084,261.773712,2022-04-04
3085,265.111023,2022-04-05
3086,264.81485,2022-04-06
3087,266.759979,2022-04-07
3088,266.068848,2022-04-08
3089,260.016144,2022-04-11
3090,259.107758,2022-04-12
3091,260.312408,2022-04-13
3092,258.396881,2022-04-14
3093,255.691467,2022-04-18
3094,268.241058,2022-04-19
3095,272.881714,2022-04-20
3096,266.621735,2022-04-21
3097,245.175888,2022-04-22
3098,250.626221,2022-04-25
3099,245.758423,2022-04-26
3100,246.005264,2022-04-27
3101,248.918045,2022-04-28
3102,238.214859,2022-04-29
3103,233.979019,2022-05-02
3104,234.867661,2022-05-03
3105,242.865417,2022-05-04
3106,238.313599,2022-05-05
3107,237.049774,2022-05-06
3108,226.119476,2022-05-09
3109,224.638397,2022-05-10
3110,223.858383,2022-05-11
3111,225.122238,2022-05-12
3112,230.325714,2022-05-13
3113,230.898392,2022-05-16
3114,236.111755,2022-05-17
3115,229.279099,2022-05-18
3116,227.590668,2022-05-19
3117,229.318588,2022-05-20
3118,230.10849,2022-05-23
3119,230.335587,2022-05-24
3120,232.043747,2022-05-25
3121,231.974625,2022-05-26
3122,233.514938,2022-05-27
3123,231.540207,2022-05-31
3124,225.122238,2022-06-01
3125,231.43158,2022-06-02
3126,226.129349,2022-06-03
3127,225.27034,2022-06-06
3128,227.788147,2022-06-07
3129,223.809021,2022-06-08
3130,216.206207,2022-06-09
3131,213.66864,2022-06-10
3132,204.486023,2022-06-13
3133,198.048325,2022-06-14
3134,199.953949,2022-06-15
3135,193.229904,2022-06-16
3136,191.640228,2022-06-17
3137,193.229904,2022-06-21
3138,194.266647,2022-06-22
3139,197.534882,2022-06-23
3140,201.849716,2022-06-24
3141,200.566147,2022-06-27
3142,195.303421,2022-06-28
3143,197.607147,2022-06-29
3144,197.111725,2022-06-30
3145,201.996658,2022-07-01
3146,200.173477,2022-07-05
3147,198.924988,2022-07-06
3148,199.8564,2022-07-07
3149,199.0439,2022-07-08
3150,195.625427,2022-07-11
3151,193.931076,2022-07-12
3152,192.405136,2022-07-13
3153,190.621597,2022-07-14
3154,192.979843,2022-07-15
3155,187.540024,2022-07-18
3156,195.496628,2022-07-19
3157,196.239777,2022-07-20
3158,198.409744,2022-07-21
3159,197.597244,2022-07-22
3160,199.668137,2022-07-25
3161,202.541641,2022-07-26
3162,209.86409,2022-07-27
3163,217.028,2022-07-28
3164,212.787125,2022-07-29
3165,211.538651,2022-08-01
3166,211.300842,2022-08-02
3167,213.926605,2022-08-03
3168,212.271881,2022-08-04
3169,213.817612,2022-08-05
3170,215.333633,2022-08-08
3171,212.985291,2022-08-09
3172,217.196442,2022-08-10
3173,216.017319,2022-08-11
3174,221.080612,2022-08-12
3175,222.51738,2022-08-15
3176,222.111115,2022-08-16
3177,219.406052,2022-08-17
3178,218.821442,2022-08-18
3179,216.146149,2022-08-19
3180,210.409058,2022-08-22
3181,207.228409,2022-08-23
3182,210.557693,2022-08-24
3183,214.709396,2022-08-25
3184,205.107956,2022-08-26
3185,204.90979,2022-08-29
3186,203.393768,2022-08-30
3187,203.324402,2022-08-31
3188,204.790863,2022-09-01
3189,201.897552,2022-09-02
3190,200.876999,2022-09-06
3191,209.279495,2022-09-07
3192,218.266571,2022-09-08
3193,227.897736,2022-09-09
3194,229.711014,2022-09-12
3195,223.78566,2022-09-13
3196,224.122559,2022-09-14
3197,224.647705,2022-09-15
3198,219.227707,2022-09-16
3199,218.861099,2022-09-19
3200,215.967789,2022-09-20
3201,210.527969,2022-09-21
3202,206.970779,2022-09-22
3203,205.038605,2022-09-23
3204,201.402145,2022-09-26
3205,200.827438,2022-09-27
3206,203.938751,2022-09-28
3207,204.291687,2022-09-29
3208,201.368683,2022-09-30
3209,208.62648,2022-10-03
3210,214.552002,2022-10-04
3211,214.870148,2022-10-05
3212,210.197327,2022-10-06
3213,207.314117,2022-10-07
3214,206.797119,2022-10-10
3215,210.237106,2022-10-11
3216,207.443359,2022-10-12
3217,212.861847,2022-10-13
3218,207.920593,2022-10-14
3219,214.382996,2022-10-17
3220,213.677094,2022-10-18
3221,215.436859,2022-10-19
3222,213.199875,2022-10-20
3223,217.047501,2022-10-21
3224,219.224838,2022-10-24
3225,223.320999,2022-10-25
3226,227.268036,2022-10-26
3227,226.959839,2022-10-27
3228,227.904343,2022-10-28
3229,227.914291,2022-10-31
3230,218.8172,2022-11-01
3231,210.744156,2022-11-02
3232,204.321503,2022-11-03
3233,209.759888,2022-11-04
3234,212.285202,2022-11-07
3235,208.62648,2022-11-08
3236,205.96199,2022-11-09
3237,217.693741,2022-11-10
3238,222.992905,2022-11-11
3239,217.723572,2022-11-14
3240,220.68634,2022-11-15
3241,219.980423,2022-11-16
3242,217.713623,2022-11-17
3243,222.316849,2022-11-18
3244,223.350815,2022-11-21
3245,225.210022,2022-11-22
3246,228.958206,2022-11-23
3247,231.394058,2022-11-25
3248,225.955688,2022-11-28
3249,225.886078,2022-11-29
3250,232.537399,2022-11-30
3251,239.377609,2022-12-01
3252,241.704086,2022-12-02
3253,236.524185,2022-12-05
3254,234.177841,2022-12-06
3255,240.680023,2022-12-07
3256,246.406723,2022-12-08
3257,243.215302,2022-12-09
3258,247.729019,2022-12-12
3259,252.481384,2022-12-13
3260,252.352142,2022-12-14
3261,243.583145,2022-12-15
3262,238.452988,2022-12-16
3263,237.647675,2022-12-19
3264,237.220154,2022-12-20
3265,240.143143,2022-12-21
3266,240.371826,2022-12-22
3267,241.435638,2022-12-23
3268,242.618759,2022-12-27
3269,240.262466,2022-12-28
3270,244.840134,2022-12-29
3271,243.832855,2022-12-30
3272,245.368698,2023-01-03
3273,251.81134,2023-01-04
3274,249.148529,2023-01-05
3275,255.561234,2023-01-06
3276,260.298462,2023-01-09
3277,263.100922,2023-01-10
3278,258.114349,2023-01-11
3279,255.660965,2023-01-12
3280,259.121643,2023-01-13
3281,255.710831,2023-01-17
3282,251.342606,2023-01-18
3283,252.629135,2023-01-19
3284,255.531311,2023-01-20
3285,256.797882,2023-01-23
3286,255.062576,2023-01-24
3287,252.270096,2023-01-25
3288,251.731552,2023-01-26
3289,253.486816,2023-01-27
