Dates,AZN
2010-01-04,43.829044
2010-01-05,44.240784
2010-01-06,44.921402
2010-01-07,46.425518
2010-01-08,46.568356
2010-01-11,46.425518
2010-01-12,46.391891
2010-01-13,46.610371
2010-01-14,47.072533
2010-01-15,47.080917
2010-01-19,47.862411
2010-01-20,46.996895
2010-01-21,45.988564
2010-01-22,45.408775
2010-01-25,45.744896
2010-01-26,45.845715
2010-01-27,44.45924
2010-01-28,43.854252
2010-01-29,43.627369
2010-02-01,43.862656
2010-02-02,44.660927
2010-02-03,44.148357
2010-02-04,42.929951
2010-02-05,42.904739
2010-02-08,43.215637
2010-02-09,43.618977
2010-02-10,43.375298
2010-02-11,43.837437
2010-02-12,43.745014
2010-02-16,44.366829
2010-02-17,44.5937
2010-02-18,44.736542
2010-02-19,44.669334
2010-02-22,44.610512
2010-02-23,44.215572
2010-02-24,44.442448
2010-02-25,44.400433
2010-02-26,44.618904
2010-03-01,45.223907
2010-03-02,45.761692
2010-03-03,45.467602
2010-03-04,45.417175
2010-03-05,46.249043
2010-03-08,46.25745
2010-03-09,46.215439
2010-03-10,46.459118
2010-03-11,46.828846
2010-03-12,46.408714
2010-03-15,46.568356
2010-03-16,46.576771
2010-03-17,47.282616
2010-03-18,47.61031
2010-03-19,47.593502
2010-03-22,47.769962
2010-03-23,47.896004
2010-03-24,48.702663
2010-03-25,48.467388
2010-03-26,47.776562
2010-03-29,48.172531
2010-03-30,48.450539
2010-03-31,48.206215
2010-04-01,48.568493
2010-04-05,48.736992
2010-04-06,48.678005
2010-04-07,48.164097
2010-04-08,48.105141
2010-04-09,48.560074
2010-04-12,48.560074
2010-04-13,48.172531
2010-04-14,48.619038
2010-04-15,48.939186
2010-04-16,48.223083
2010-04-19,48.416847
2010-04-20,49.242474
2010-04-21,48.80439
2010-04-22,48.627464
2010-04-23,49.613163
2010-04-26,49.545761
2010-04-27,48.475815
2010-04-28,48.930756
2010-04-29,49.368843
2010-04-30,48.391567
2010-05-03,48.964451
2010-05-04,48.399994
2010-05-05,48.206215
2010-05-06,47.389038
2010-05-07,45.594563
2010-05-10,47.902946
2010-05-11,47.810265
2010-05-12,48.206215
2010-05-13,48.416847
2010-05-14,47.565952
2010-05-17,47.6502
2010-05-18,47.1026
2010-05-19,46.94252
2010-05-20,45.392376
2010-05-21,44.398262
2010-05-24,44.802635
2010-05-25,44.305584
2010-05-26,43.96859
2010-05-27,45.046967
2010-05-28,44.676285
2010-06-01,44.16238
2010-06-02,45.249153
2010-06-03,45.518742
2010-06-04,43.78326
2010-06-07,42.645897
2010-06-08,42.595371
2010-06-09,41.685505
2010-06-10,41.5844
2010-06-11,42.620636
2010-06-14,42.502697
2010-06-15,43.572636
2010-06-16,44.002293
2010-06-17,43.842232
2010-06-18,43.656891
2010-06-21,43.454685
2010-06-22,42.915485
2010-06-23,43.084003
2010-06-24,42.292088
2010-06-25,42.20784
2010-06-28,43.128876
2010-06-29,42.385277
2010-06-30,42.300789
2010-07-01,42.047279
2010-07-02,42.148682
2010-07-06,42.60498
2010-07-07,44.151333
2010-07-08,44.345673
2010-07-09,44.261181
2010-07-12,44.058392
2010-07-13,44.886471
2010-07-14,44.827347
2010-07-15,44.413296
2010-07-16,43.26408
2010-07-19,43.542938
2010-07-20,43.34013
2010-07-21,39.503819
2010-07-22,39.82494
2010-07-23,40.416428
2010-07-26,39.850269
2010-07-27,40.129116
2010-07-28,39.588333
2010-07-29,38.996826
2010-07-30,39.35173
2010-08-02,40.213627
2010-08-03,40.357285
2010-08-04,40.492474
2010-08-05,40.610779
2010-08-06,40.534729
2010-08-09,40.619236
2010-08-10,40.247417
2010-08-11,39.39397
2010-08-12,39.436226
2010-08-13,39.35173
2010-08-16,39.284122
2010-08-17,39.45311
2010-08-18,39.596779
2010-08-19,38.751766
2010-08-20,38.709526
2010-08-23,38.988361
2010-08-24,36.504078
2010-08-25,36.436474
2010-08-26,36.233673
2010-08-27,37.18008
2010-08-30,36.799812
2010-08-31,36.495605
2010-09-01,37.720879
2010-09-02,38.633476
2010-09-03,38.946129
2010-09-07,38.853172
2010-09-08,38.430695
2010-09-09,38.971478
2010-09-10,39.436226
2010-09-13,39.968578
2010-09-14,40.898079
2010-09-15,41.143139
2010-09-16,41.185375
2010-09-17,40.585415
2010-09-20,41.185375
2010-09-21,40.991016
2010-09-22,40.576977
2010-09-23,40.500931
2010-09-24,41.996578
2010-09-27,41.531834
2010-09-28,42.472645
2010-09-29,42.582836
2010-09-30,42.421791
2010-10-01,42.387886
2010-10-04,41.845413
2010-10-05,42.862553
2010-10-06,42.760818
2010-10-07,42.192947
2010-10-08,42.108181
2010-10-11,42.20142
2010-10-12,41.574207
2010-10-13,41.77763
2010-10-14,41.387745
2010-10-15,41.565727
2010-10-18,42.811668
2010-10-19,42.438747
2010-10-20,42.862553
2010-10-21,43.498234
2010-10-22,42.879482
2010-10-25,43.455833
2010-10-26,43.421944
2010-10-27,43.142258
2010-10-28,42.548946
2010-10-29,41.947151
2010-11-01,41.794582
2010-11-02,42.294655
2010-11-03,43.438915
2010-11-04,43.871151
2010-11-05,44.439056
2010-11-08,44.150875
2010-11-09,44.218693
2010-11-10,44.176304
2010-11-11,44.235645
2010-11-12,43.727081
2010-11-15,43.582993
2010-11-16,42.972725
2010-11-17,42.862553
2010-11-18,43.557556
2010-11-19,43.769463
2010-11-22,43.557556
2010-11-23,43.125298
2010-11-24,43.481277
2010-11-26,43.616894
2010-11-29,43.03207
2010-11-30,42.455708
2010-12-01,43.184635
2010-12-02,43.566032
2010-12-03,44.167816
2010-12-06,43.676224
2010-12-07,43.464333
2010-12-08,44.150875
2010-12-09,44.922192
2010-12-10,44.922192
2010-12-13,44.989983
2010-12-14,45.812138
2010-12-15,45.388348
2010-12-16,46.091866
2010-12-17,46.218994
2010-12-20,46.447842
2010-12-21,45.922325
2010-12-22,46.091866
2010-12-23,45.515491
2010-12-27,45.778233
2010-12-28,45.812138
2010-12-29,46.00774
2010-12-30,45.990738
2010-12-31,45.667572
2011-01-03,46.415943
2011-01-04,46.228848
2011-01-05,46.483971
2011-01-06,46.466965
2011-01-07,46.194828
2011-01-10,46.517986
2011-01-11,49.32439
2011-01-12,49.1628
2011-01-13,49.026733
2011-01-14,49.171318
2011-01-18,49.656036
2011-01-19,48.967201
2011-01-20,48.644054
2011-01-21,49.026733
2011-01-24,48.984211
2011-01-25,49.639038
2011-01-26,48.771618
2011-01-27,49.417934
2011-01-28,48.644054
2011-01-31,48.950207
2011-02-01,49.783607
2011-02-02,49.494469
2011-02-03,49.67305
2011-02-04,49.758118
2011-02-07,50.583004
2011-02-08,50.770096
2011-02-09,50.855148
2011-02-10,50.982712
2011-02-11,51.212307
2011-02-14,51.441936
2011-02-15,51.246334
2011-02-16,51.901169
2011-02-17,51.688568
2011-02-18,53.576504
2011-02-22,52.658028
2011-02-23,52.521965
2011-02-24,52.351883
2011-02-25,53.62751
2011-02-28,53.797585
2011-03-01,53.125759
2011-03-02,53.62751
2011-03-03,54.903141
2011-03-04,54.146271
2011-03-07,53.84013
2011-03-08,55.336872
2011-03-09,54.733044
2011-03-10,53.50845
2011-03-11,53.593491
2011-03-14,53.015198
2011-03-15,52.224308
2011-03-16,51.314365
2011-03-17,51.526974
2011-03-18,52.317863
2011-03-21,52.751579
2011-03-22,52.504959
2011-03-23,52.173279
2011-03-24,52.03722
2011-03-25,51.977688
2011-03-28,51.629025
2011-03-29,52.106678
2011-03-30,51.825207
2011-03-31,51.859333
2011-04-01,51.944622
2011-04-04,52.447865
2011-04-05,51.620487
2011-04-06,51.39872
2011-04-07,51.049011
2011-04-08,50.929607
2011-04-11,51.176952
2011-04-12,50.912556
2011-04-13,51.040485
2011-04-14,51.066082
2011-04-15,51.774014
2011-04-18,51.185482
2011-04-19,52.115211
2011-04-20,49.820763
2011-04-21,49.906082
2011-04-25,49.488121
2011-04-26,49.752537
2011-04-27,49.803699
2011-04-28,50.477539
2011-04-29,50.324013
2011-05-02,50.528732
2011-05-03,50.622551
2011-05-04,50.724892
2011-05-05,50.929607
2011-05-06,50.912556
2011-05-09,51.270779
2011-05-10,52.029896
2011-05-11,52.74638
2011-05-12,53.87228
2011-05-13,53.974617
2011-05-16,54.384045
2011-05-17,54.418159
2011-05-18,54.588753
2011-05-19,54.588753
2011-05-20,54.09404
2011-05-23,53.778458
2011-05-24,53.514023
2011-05-25,53.130215
2011-05-26,53.061977
2011-05-27,53.019356
2011-05-31,53.224045
2011-06-01,52.285782
2011-06-02,52.038448
2011-06-03,51.347534
2011-06-06,49.965771
2011-06-07,50.562828
2011-06-08,50.016941
2011-06-09,50.306938
2011-06-10,49.616062
2011-06-13,49.931656
2011-06-14,50.221645
2011-06-15,49.462532
2011-06-16,49.471069
2011-06-17,49.223709
2011-06-20,49.471069
2011-06-21,49.709885
2011-06-22,49.812237
2011-06-23,49.667229
2011-06-24,48.94223
2011-06-27,49.419868
2011-06-28,50.198483
2011-06-29,49.736462
2011-06-30,50.215599
2011-07-01,51.576004
2011-07-05,51.054085
2011-07-06,51.208099
2011-07-07,51.849804
2011-07-08,51.456234
2011-07-11,50.104382
2011-07-12,50.592083
2011-07-13,50.754631
2011-07-14,50.172817
2011-07-15,49.993141
2011-07-18,49.847675
2011-07-19,50.617733
2011-07-20,48.692623
2011-07-21,49.30867
2011-07-22,48.666943
2011-07-25,48.102249
2011-07-26,47.161076
2011-07-27,46.613495
2011-07-28,46.245571
2011-07-29,46.49371
2011-08-01,45.432758
2011-08-02,44.20924
2011-08-03,44.551487
2011-08-04,42.480904
2011-08-05,42.814598
2011-08-08,40.581459
2011-08-09,41.933311
2011-08-10,39.392162
2011-08-11,40.709801
2011-08-12,41.531181
2011-08-15,42.053101
2011-08-16,41.428505
2011-08-17,40.701248
2011-08-18,38.134418
2011-08-19,37.475605
2011-08-22,37.544056
2011-08-23,39.477718
2011-08-24,40.230656
2011-08-25,39.469162
2011-08-26,39.503403
2011-08-29,41.103371
2011-08-30,40.803917
2011-08-31,41.787872
2011-09-01,41.274506
2011-09-02,40.444569
2011-09-06,40.889477
2011-09-07,42.592129
2011-09-08,41.650963
2011-09-09,40.11087
2011-09-12,40.102322
2011-09-13,40.761139
2011-09-14,41.67664
2011-09-15,42.44669
2011-09-16,42.215668
2011-09-19,41.496952
2011-09-20,41.488407
2011-09-21,40.410336
2011-09-22,39.546173
2011-09-23,39.494835
2011-09-26,40.444569
2011-09-27,42.061649
2011-09-28,41.640873
2011-09-29,41.409004
2011-09-30,40.472973
2011-10-03,38.944401
2011-10-04,40.163811
2011-10-05,40.902344
2011-10-06,41.065517
2011-10-07,41.117046
2011-10-10,42.413746
2011-10-11,43.023449
2011-10-12,43.074978
2011-10-13,43.092159
2011-10-14,42.954758
2011-10-17,41.6838
2011-10-18,42.121777
2011-10-19,42.430927
2011-10-20,41.460545
2011-10-21,42.224823
2011-10-24,42.937592
2011-10-25,41.426186
2011-10-26,41.503483
2011-10-27,42.379391
2011-10-28,42.868874
2011-10-31,41.142784
2011-11-01,40.361328
2011-11-02,41.013977
2011-11-03,41.838371
2011-11-04,41.700977
2011-11-07,42.130371
2011-11-08,42.774418
2011-11-09,40.79071
2011-11-10,41.45195
2011-11-11,42.491032
2011-11-14,42.027302
2011-11-15,42.559734
2011-11-16,41.889908
2011-11-17,41.142784
2011-11-18,41.056915
2011-11-21,39.7001
2011-11-22,39.811722
2011-11-23,39.047436
2011-11-25,39.090385
2011-11-28,40.326981
2011-11-29,40.035011
2011-11-30,41.932846
2011-12-01,42.533974
2011-12-02,40.893764
2011-12-05,42.156116
2011-12-06,41.67524
2011-12-07,41.45195
2011-12-08,40.464382
2011-12-09,41.091278
2011-12-12,40.421444
2011-12-13,40.232517
2011-12-14,40.163811
2011-12-15,40.043598
2011-12-16,39.682915
2011-12-19,39.313641
2011-12-20,41.013977
2011-12-21,41.735329
2011-12-22,42.69714
2011-12-23,42.946171
2011-12-27,42.991867
2011-12-28,42.526173
2011-12-29,42.767654
2011-12-30,42.871136
2012-01-03,44.044037
2012-01-04,44.19928
2012-01-05,44.14753
2012-01-06,44.414886
2012-01-09,44.673611
2012-01-10,45.070324
2012-01-11,45.725765
2012-01-12,45.268681
2012-01-13,44.613255
2012-01-17,44.854725
2012-01-18,44.99271
2012-01-19,45.536045
2012-01-20,45.829258
2012-01-23,45.536045
2012-01-24,45.656784
2012-01-25,47.485119
2012-01-26,47.321259
2012-01-27,47.347122
2012-01-30,47.450611
2012-01-31,47.804214
2012-02-01,47.623112
2012-02-02,47.433376
2012-02-03,47.959457
2012-02-06,48.0112
2012-02-07,47.588612
2012-02-08,47.217766
2012-02-09,46.536457
2012-02-10,46.174229
2012-02-13,46.458843
2012-02-14,46.156975
2012-02-15,46.208729
2012-02-16,46.269108
2012-02-17,46.225967
2012-02-21,45.993118
2012-02-22,46.087994
2012-02-23,46.501949
2012-02-24,47.243637
2012-02-27,47.398869
2012-02-28,47.053917
2012-02-29,46.260483
2012-03-01,45.829258
2012-03-02,45.889637
2012-03-05,45.536045
2012-03-06,44.871971
2012-03-07,44.889202
2012-03-08,45.510162
2012-03-09,45.622276
2012-03-12,45.191063
2012-03-13,45.993118
2012-03-14,46.769299
2012-03-15,47.433376
2012-03-16,47.347122
2012-03-19,47.390255
2012-03-20,47.278137
2012-03-21,47.304016
2012-03-22,46.760685
2012-03-23,46.950413
2012-03-26,47.873207
2012-03-27,47.726593
2012-03-28,47.659927
2012-03-29,47.685913
2012-03-30,48.032211
2012-04-02,48.092804
2012-04-03,48.118778
2012-04-04,47.417522
2012-04-05,47.642616
2012-04-09,46.880749
2012-04-10,45.980366
2012-04-11,46.603718
2012-04-12,47.49543
2012-04-13,46.716259
2012-04-16,46.958675
2012-04-17,47.521423
2012-04-18,48.014893
2012-04-19,47.062557
2012-04-20,46.690296
2012-04-23,45.625408
2012-04-24,46.023659
2012-04-25,46.473839
2012-04-26,46.80283
2012-04-27,47.235718
2012-04-30,47.244358
2012-05-01,47.504082
2012-05-02,47.322289
2012-05-03,47.408859
2012-05-04,46.63834
2012-05-07,46.854778
2012-05-08,46.880749
2012-05-09,46.101574
2012-05-10,46.205471
2012-05-11,46.04097
2012-05-14,45.573448
2012-05-15,45.010715
2012-05-16,44.785625
2012-05-17,44.136303
2012-05-18,43.512955
2012-05-21,44.525898
2012-05-22,44.776962
2012-05-23,44.396027
2012-05-24,44.776962
2012-05-25,44.889515
2012-05-29,45.53017
2012-05-30,44.629791
2012-05-31,44.543209
2012-06-01,43.296516
2012-06-04,43.149342
2012-06-05,43.971806
2012-06-06,44.370064
2012-06-07,44.3181
2012-06-08,44.422009
2012-06-11,44.508568
2012-06-12,44.828915
2012-06-13,44.577843
2012-06-14,45.313728
2012-06-15,46.880749
2012-06-18,47.244358
2012-06-19,47.781128
2012-06-20,47.530067
2012-06-21,46.534462
2012-06-22,47.244358
2012-06-25,46.499825
2012-06-26,46.595055
2012-06-27,47.223484
2012-06-28,46.75412
2012-06-29,47.892754
2012-07-02,47.519012
2012-07-03,47.527691
2012-07-05,47.119179
2012-07-06,46.536816
2012-07-09,46.649811
2012-07-10,46.119602
2012-07-11,46.119602
2012-07-12,45.824078
2012-07-13,46.110905
2012-07-16,45.980526
2012-07-17,46.693279
2012-07-18,46.562897
2012-07-19,45.319939
2012-07-20,44.659359
2012-07-23,44.111736
2012-07-24,44.111736
2012-07-25,44.563732
2012-07-26,44.589813
2012-07-27,45.55463
2012-07-30,45.49379
2012-07-31,45.224327
2012-08-01,45.919685
2012-08-02,44.676735
2012-08-03,45.850159
2012-08-06,46.015289
2012-08-07,46.067455
2012-08-08,46.058754
2012-08-09,45.884914
2012-08-10,46.119602
2012-08-13,46.241283
2012-08-14,46.75412
2012-08-15,47.032265
2012-08-16,47.371258
2012-08-17,47.249554
2012-08-20,47.371258
2012-08-21,47.197399
2012-08-22,46.780201
2012-08-23,46.267357
2012-08-24,46.710651
2012-08-27,46.667191
2012-08-28,46.693279
2012-08-29,46.571583
2012-08-30,46.163052
2012-08-31,46.293434
2012-09-04,46.780201
2012-09-05,46.171741
2012-09-06,47.101788
2012-09-07,47.067036
2012-09-10,46.545506
2012-09-11,46.936634
2012-09-12,47.301704
2012-09-13,47.970989
2012-09-14,48.683731
2012-09-17,48.87495
2012-09-18,48.614197
2012-09-19,48.579433
2012-09-20,48.475124
2012-09-21,48.927109
2012-09-24,49.100941
2012-09-25,48.657669
2012-09-26,48.50322
2012-09-27,48.695187
2012-09-28,48.564293
2012-10-01,47.901169
2012-10-02,47.70052
2012-10-03,47.482376
2012-10-04,48.040802
2012-10-05,47.822647
2012-10-08,47.421288
2012-10-09,46.007824
2012-10-10,45.56284
2012-10-11,45.772243
2012-10-12,45.632648
2012-10-15,45.632648
2012-10-16,46.644753
2012-10-17,46.086349
2012-10-18,46.775639
2012-10-19,45.929295
2012-10-22,46.199783
2012-10-23,45.589012
2012-10-24,45.615189
2012-10-25,45.719891
2012-10-26,45.536659
2012-10-31,45.89439
2012-11-01,46.304474
2012-11-02,45.929295
2012-11-05,45.990364
2012-11-06,46.644753
2012-11-07,45.903103
2012-11-08,45.737339
2012-11-09,45.833317
2012-11-12,46.287018
2012-11-13,45.964211
2012-11-14,45.650093
2012-11-15,45.37088
2012-11-16,45.458126
2012-11-19,46.243401
2012-11-20,46.766903
2012-11-21,46.679665
2012-11-23,47.569611
2012-11-26,47.57835
2012-11-27,47.307873
2012-11-28,47.639416
2012-11-29,47.159546
2012-11-30,47.255524
2012-12-03,47.499817
2012-12-04,47.421288
2012-12-05,47.430019
2012-12-06,47.421288
2012-12-07,47.613247
2012-12-10,47.805195
2012-12-11,48.695187
2012-12-12,48.974377
2012-12-13,49.02673
2012-12-14,48.669006
2012-12-17,49.000568
2012-12-18,49.166325
2012-12-19,48.826046
2012-12-20,49.358284
2012-12-21,48.747536
2012-12-24,48.747536
2012-12-26,48.363621
2012-12-27,48.35923
2012-12-28,47.736782
2012-12-31,48.061157
2013-01-02,48.990463
2013-01-03,49.218403
2013-01-04,49.735664
2013-01-07,50.03373
2013-01-08,49.946075
2013-01-09,51.182251
2013-01-10,51.585503
2013-01-11,51.585503
2013-01-14,51.611809
2013-01-15,52.216759
2013-01-16,52.102779
2013-01-17,53.146065
2013-01-18,53.961391
2013-01-22,54.101681
2013-01-23,54.241947
2013-01-24,55.627148
2013-01-25,55.714809
2013-01-28,55.916458
2013-01-29,55.93399
2013-01-30,55.565781
2013-01-31,54.925774
2013-02-01,55.267696
2013-02-04,54.618938
2013-02-05,55.057285
2013-02-06,55.285236
2013-02-07,55.276459
2013-02-08,55.916458
2013-02-11,56.021664
2013-02-12,56.118107
2013-02-13,56.004131
2013-02-14,56.126858
2013-02-15,55.977837
2013-02-19,55.837563
2013-02-20,55.302761
2013-02-21,54.504955
2013-02-22,54.969612
2013-02-25,54.434837
2013-02-26,55.030983
2013-02-27,55.81126
2013-02-28,56.004131
2013-03-01,56.898373
2013-03-04,57.047409
2013-03-05,57.862743
2013-03-06,57.827698
2013-03-07,57.336731
2013-03-08,57.617275
2013-03-11,58.05563
2013-03-12,58.555363
2013-03-13,58.45892
2013-03-14,58.572906
2013-03-15,57.801376
2013-03-18,56.793159
2013-03-19,56.784397
2013-03-20,57.31044
2013-03-21,56.582764
2013-03-22,56.609055
2013-03-25,56.582764
2013-03-26,57.097744
2013-03-27,57.106556
2013-03-28,57.432274
2013-04-01,57.511501
2013-04-02,57.71397
2013-04-03,57.441082
2013-04-04,57.740383
2013-04-05,57.221001
2013-04-08,57.555515
2013-04-09,58.40062
2013-04-10,58.75275
2013-04-11,58.849606
2013-04-12,58.541489
2013-04-15,57.476284
2013-04-16,57.291431
2013-04-17,56.692799
2013-04-18,56.076576
2013-04-19,56.939301
2013-04-22,56.472721
2013-04-23,57.168175
2013-04-24,56.983318
2013-04-25,57.784405
2013-04-26,57.273811
2013-04-29,57.802006
2013-04-30,57.731579
2013-05-01,57.485096
2013-05-02,57.907646
2013-05-03,58.391823
2013-05-06,58.347813
2013-05-07,58.444633
2013-05-08,58.497467
2013-05-09,58.990448
2013-05-10,60.046822
2013-05-13,60.39016
2013-05-14,60.927147
2013-05-15,61.120808
2013-05-16,60.795105
2013-05-17,60.654255
2013-05-20,60.504616
2013-05-21,60.95356
2013-05-22,59.597866
2013-05-23,59.192921
2013-05-24,58.972832
2013-05-28,59.782753
2013-05-29,59.184124
2013-05-30,59.289749
2013-05-31,58.444633
2013-06-03,59.254536
2013-06-04,58.717545
2013-06-05,57.86364
2013-06-06,58.418232
2013-06-07,59.113689
2013-06-10,59.20171
2013-06-11,58.831989
2013-06-12,58.427025
2013-06-13,59.61544
2013-06-14,59.166531
2013-06-17,59.694706
2013-06-18,59.571449
2013-06-19,58.497467
2013-06-20,57.000912
2013-06-21,57.749191
2013-06-24,57.009708
2013-06-25,57.124161
2013-06-26,57.181602
2013-06-27,57.208122
2013-06-28,57.172794
2013-07-01,56.95179
2013-07-02,56.854546
2013-07-03,56.748482
2013-07-05,57.658932
2013-07-08,58.48983
2013-07-09,58.401451
2013-07-10,58.648945
2013-07-11,59.559399
2013-07-12,59.603577
2013-07-15,60.301884
2013-07-16,60.699665
2013-07-17,61.318432
2013-07-18,61.875286
2013-07-19,62.653137
2013-07-22,62.723854
2013-07-23,62.803436
2013-07-24,62.608963
2013-07-25,62.644318
2013-07-26,62.706184
2013-07-29,62.184662
2013-07-30,62.246559
2013-07-31,62.281891
2013-08-01,62.953671
2013-08-02,62.997902
2013-08-05,62.93602
2013-08-06,62.732716
2013-08-07,62.573612
2013-08-08,62.670841
2013-08-09,62.768063
2013-08-12,62.547089
2013-08-13,62.653137
2013-08-14,62.255367
2013-08-15,60.911823
2013-08-16,60.080917
2013-08-19,60.160465
2013-08-20,60.3284
2013-08-21,60.045551
2013-08-22,60.796909
2013-08-23,60.363781
2013-08-26,60.443317
2013-08-27,59.294212
2013-08-28,58.905262
2013-08-29,59.143963
2013-08-30,59.126282
2013-09-03,59.417957
2013-09-04,59.462162
2013-09-05,59.921814
2013-09-06,60.929459
2013-09-09,61.132801
2013-09-10,61.468693
2013-09-11,61.504059
2013-09-12,61.433338
2013-09-13,61.981365
2013-09-16,62.608963
2013-09-17,63.068584
2013-09-18,63.448723
2013-09-19,63.316109
2013-09-20,63.006718
2013-09-23,62.93602
2013-09-24,62.608963
2013-09-25,60.805744
2013-09-26,60.694828
2013-09-27,60.029316
2013-09-30,59.976055
2013-10-01,60.304375
2013-10-02,60.109169
2013-10-03,59.754234
2013-10-04,60.073681
2013-10-07,59.931675
2013-10-08,59.993809
2013-10-09,60.73032
2013-10-10,61.599918
2013-10-11,62.309795
2013-10-14,62.833321
2013-10-15,62.238804
2013-10-16,63.463326
2013-10-17,64.377335
2013-10-18,65.184822
2013-10-21,64.91861
2013-10-22,65.246941
2013-10-23,65.637375
2013-10-24,65.681747
2013-10-25,66.205254
2013-10-28,66.143158
2013-10-29,66.134293
2013-10-30,65.743851
2013-10-31,65.539742
2013-11-01,65.690598
2013-11-04,65.921303
2013-11-05,65.708344
2013-11-06,65.406654
2013-11-07,64.687889
2013-11-08,65.069458
2013-11-11,65.042854
2013-11-12,64.980713
2013-11-13,65.504257
2013-11-14,66.089897
2013-11-15,65.850349
2013-11-18,65.229187
2013-11-19,65.752716
2013-11-20,65.477669
2013-11-21,65.788223
2013-11-22,65.912437
2013-11-25,66.32061
2013-11-26,66.391617
2013-11-27,66.160889
2013-11-29,66.036652
2013-12-02,65.894684
2013-12-03,65.601852
2013-12-04,65.033958
2013-12-05,64.91861
2013-12-06,66.125397
2013-12-09,66.205254
2013-12-10,66.018921
2013-12-11,64.537041
2013-12-12,63.747314
2013-12-13,63.498867
2013-12-16,63.498867
2013-12-17,63.578693
2013-12-18,65.450996
2013-12-19,65.530884
2013-12-20,66.302872
2013-12-23,66.560219
2013-12-24,66.551331
2013-12-26,66.8974
2013-12-27,66.875114
2013-12-30,66.839478
2013-12-31,66.946373
2014-01-02,66.49202
2014-01-03,66.679115
2014-01-06,67.133499
2014-01-07,67.516624
2014-01-08,68.621414
2014-01-09,68.594673
2014-01-10,69.628181
2014-01-13,68.986694
2014-01-14,69.637093
2014-01-15,69.717278
2014-01-16,70.100395
2014-01-17,69.672752
2014-01-21,70.020187
2014-01-22,70.011292
2014-01-23,69.298538
2014-01-24,67.828453
2014-01-27,67.997734
2014-01-28,68.995605
2014-01-29,68.514511
2014-01-30,69.61927
2014-01-31,69.138161
2014-02-03,68.131409
2014-02-04,68.380844
2014-02-05,68.603584
2014-02-06,69.681656
2014-02-07,70.768578
2014-02-10,71.650635
2014-02-11,72.292152
2014-02-12,72.122841
2014-02-13,73.726563
2014-02-14,74.261131
2014-02-18,73.610733
2014-02-19,72.737617
2014-02-20,73.637474
2014-02-21,73.147461
2014-02-24,73.601852
2014-02-25,72.693069
2014-02-26,72.283226
2014-02-27,72.318855
2014-02-28,71.49028
2014-03-03,71.18734
2014-03-04,72.94252
2014-03-05,72.238678
2014-03-06,72.122841
2014-03-07,72.737617
2014-03-10,72.88018
2014-03-11,72.728714
2014-03-12,72.728714
2014-03-13,72.363419
2014-03-14,71.516998
2014-03-17,71.980293
2014-03-18,72.639626
2014-03-19,72.363419
2014-03-20,72.434677
2014-03-21,72.042686
2014-03-24,70.661667
2014-03-25,71.223
2014-03-26,70.911148
2014-03-27,71.434372
2014-03-28,72.033585
2014-03-31,72.865387
2014-04-01,73.232071
2014-04-02,73.598778
2014-04-03,75.244431
2014-04-04,73.876038
2014-04-07,72.650719
2014-04-08,72.677544
2014-04-09,73.428856
2014-04-10,71.228661
2014-04-11,70.978233
2014-04-14,71.371773
2014-04-15,71.166069
2014-04-16,70.700974
2014-04-17,70.459503
2014-04-21,71.085548
2014-04-22,70.423706
2014-04-23,70.11068
2014-04-24,69.654549
2014-04-25,68.617043
2014-04-28,68.715446
2014-04-29,69.672447
2014-04-30,69.538269
2014-05-01,69.252083
2014-05-02,69.600891
2014-05-05,70.504211
2014-05-06,70.692017
2014-05-07,71.031891
2014-05-08,71.586418
2014-05-09,72.105164
2014-05-12,72.53447
2014-05-13,71.86367
2014-05-14,71.649048
2014-05-15,70.763596
2014-05-16,71.640099
2014-05-19,71.640099
2014-05-20,71.59536
2014-05-21,71.881554
2014-05-22,72.078308
2014-05-23,71.792114
2014-05-27,71.872612
2014-05-28,73.911819
2014-05-29,75.029808
2014-05-30,75.566422
2014-06-02,75.870491
2014-06-03,76.433968
2014-06-04,76.496552
2014-06-05,76.720184
2014-06-06,76.523422
2014-06-09,76.469765
2014-06-10,76.111992
2014-06-11,75.807907
2014-06-12,74.931404
2014-06-13,74.627335
2014-06-16,75.673744
2014-06-17,74.949303
2014-06-18,75.512756
2014-06-19,76.59494
2014-06-20,76.988472
2014-06-23,76.255089
2014-06-24,75.781075
2014-06-25,76.469765
2014-06-26,75.944664
2014-06-27,75.370201
2014-06-30,75.684341
2014-07-01,76.743507
2014-07-02,76.653778
2014-07-03,76.860214
2014-07-07,76.797379
2014-07-08,75.334305
2014-07-09,75.379189
2014-07-10,75.109894
2014-07-11,75.415092
2014-07-14,74.903465
2014-07-15,74.266151
2014-07-16,73.862267
2014-07-17,73.341682
2014-07-18,73.74559
2014-07-21,73.233948
2014-07-22,73.503197
2014-07-23,73.431412
2014-07-24,72.515846
2014-07-25,72.201736
2014-07-28,71.887566
2014-07-29,72.004265
2014-07-30,72.174805
2014-07-31,71.600349
2014-08-01,71.806801
2014-08-04,72.327385
2014-08-05,71.797813
2014-08-06,71.645218
2014-08-07,71.133598
2014-08-08,71.636238
2014-08-11,71.402885
2014-08-12,71.438789
2014-08-13,72.479996
2014-08-14,72.632576
2014-08-15,72.228683
2014-08-18,72.991615
2014-08-19,73.584023
2014-08-20,73.503197
2014-08-21,74.409805
2014-08-22,73.727631
2014-08-25,74.436745
2014-08-26,74.364899
2014-08-27,73.898163
2014-08-28,74.203354
2014-08-29,74.777809
2014-09-02,74.607262
2014-09-03,74.957298
2014-09-04,74.795761
2014-09-05,75.513817
2014-09-08,75.639481
2014-09-09,75.172745
2014-09-10,75.31633
2014-09-11,75.612587
2014-09-12,74.912415
2014-09-15,74.858574
2014-09-16,75.450981
2014-09-17,75.343285
2014-09-18,75.459961
2014-09-19,74.355934
2014-09-22,73.727631
2014-09-23,73.162163
2014-09-24,73.718658
2014-09-25,72.910843
2014-09-26,73.428879
2014-09-29,73.446892
2014-09-30,72.753166
2014-10-01,73.275726
2014-10-02,73.645119
2014-10-03,74.338867
2014-10-06,75.411003
2014-10-07,74.275803
2014-10-08,75.996628
2014-10-09,74.70826
2014-10-10,73.789284
2014-10-13,73.176613
2014-10-14,72.654053
2014-10-15,71.608932
2014-10-16,71.356667
2014-10-17,72.329697
2014-10-20,72.978424
2014-10-21,74.005524
2014-10-22,74.383881
2014-10-23,75.257858
2014-10-24,75.879509
2014-10-27,76.023674
2014-10-28,77.654419
2014-10-29,78.095894
2014-10-30,78.420258
2014-10-31,78.861725
2014-11-03,78.249054
2014-11-04,78.969833
2014-11-05,79.303185
2014-11-06,79.780724
2014-11-07,78.807663
2014-11-10,79.681587
2014-11-11,79.89785
2014-11-12,79.807747
2014-11-13,80.041969
2014-11-14,79.28521
2014-11-17,79.762688
2014-11-18,81.231285
2014-11-19,80.762779
2014-11-20,80.771774
2014-11-21,81.186211
2014-11-24,82.348457
2014-11-25,82.798958
2014-11-26,83.222412
2014-11-28,83.708969
2014-12-01,83.75396
2014-12-02,85.285645
2014-12-03,85.15049
2014-12-04,85.033333
2014-12-05,85.24958
2014-12-08,85.23156
2014-12-09,85.060394
2014-12-10,83.465668
2014-12-11,84.159401
2014-12-12,82.889038
2014-12-15,82.348457
2014-12-16,81.789864
2014-12-17,83.636841
2014-12-18,86.339745
2014-12-19,85.402748
2014-12-22,85.582909
2014-12-23,87.042511
2014-12-24,86.492928
2014-12-26,86.168571
2014-12-29,86.308731
2014-12-30,86.40818
2014-12-31,85.29599
2015-01-02,84.988548
2015-01-05,83.677406
2015-01-06,83.559868
2015-01-07,85.142296
2015-01-08,86.58905
2015-01-09,85.540131
2015-01-12,85.015663
2015-01-13,85.196518
2015-01-14,84.31942
2015-01-15,82.737015
2015-01-16,83.596039
2015-01-20,82.890739
2015-01-21,83.288597
2015-01-22,84.42791
2015-01-23,83.82209
2015-01-26,83.686455
2015-01-27,83.487526
2015-01-28,83.867294
2015-01-29,84.708237
2015-01-30,82.330124
2015-02-02,82.972137
2015-02-03,83.858253
2015-02-04,83.614128
2015-02-05,84.699181
2015-02-06,83.831146
2015-02-09,83.098701
2015-02-10,84.147606
2015-02-11,84.057175
2015-02-12,84.42791
2015-02-13,85.458771
2015-02-17,85.965126
2015-02-18,86.127876
2015-02-19,85.50396
2015-02-20,86.127876
2015-02-23,86.444351
2015-02-24,85.793304
2015-02-25,85.512978
2015-02-26,85.359276
2015-02-27,85.675751
2015-03-02,86.815117
2015-03-03,83.587013
2015-03-04,83.523705
2015-03-05,84.084328
2015-03-06,81.443954
2015-03-09,82.303009
2015-03-10,81.651939
2015-03-11,81.796608
2015-03-12,83.143944
2015-03-13,82.547127
2015-03-16,83.894417
2015-03-17,83.089668
2015-03-18,84.192833
2015-03-19,84.60878
2015-03-20,84.681114
2015-03-23,84.735344
2015-03-24,84.473145
2015-03-25,83.45137
2015-03-26,82.764153
2015-03-27,84.012177
2015-03-30,84.910728
2015-03-31,83.730804
2015-04-01,82.759621
2015-04-02,82.705154
2015-04-06,83.286064
2015-04-07,83.031906
2015-04-08,83.522011
2015-04-09,84.475075
2015-04-10,85.083214
2015-04-13,84.502296
2015-04-14,83.994026
2015-04-15,83.767105
2015-04-16,83.667267
2015-04-17,83.957726
2015-04-20,84.72921
2015-04-21,85.963615
2015-04-22,87.542908
2015-04-23,88.205513
2015-04-24,87.951378
2015-04-27,85.891022
2015-04-28,86.317589
2015-04-29,85.609634
2015-04-30,83.72171
2015-05-01,84.774605
2015-05-04,84.983337
2015-05-05,84.320755
2015-05-06,84.012177
2015-05-07,84.057549
2015-05-08,85.827477
2015-05-11,85.645943
2015-05-12,84.484169
2015-05-13,84.329834
2015-05-14,86.462814
2015-05-15,86.689751
2015-05-18,87.669975
2015-05-19,87.751671
2015-05-20,87.842453
2015-05-21,87.497551
2015-05-22,87.533852
2015-05-26,86.707878
2015-05-27,87.669975
2015-05-28,87.352303
2015-05-29,87.25248
2015-06-01,87.243385
2015-06-02,87.234329
2015-06-03,87.170784
2015-06-04,86.26313
2015-06-05,86.408356
2015-06-08,85.881943
2015-06-09,85.464417
2015-06-10,87.143585
2015-06-11,87.624626
2015-06-12,86.834976
2015-06-15,85.927307
2015-06-16,86.372055
2015-06-17,86.317589
2015-06-18,88.178307
2015-06-19,87.933205
2015-06-22,88.405212
2015-06-23,87.697243
2015-06-24,87.787994
2015-06-25,87.542908
2015-06-26,88.667915
2015-06-29,86.864311
2015-06-30,87.055595
2015-07-01,87.51104
2015-07-02,87.228683
2015-07-06,87.438171
2015-07-07,88.267105
2015-07-08,86.918983
2015-07-09,87.137573
2015-07-10,87.784348
2015-07-13,88.93206
2015-07-14,89.505943
2015-07-15,88.822769
2015-07-16,89.42395
2015-07-17,89.460396
2015-07-20,89.615265
2015-07-21,90.234657
2015-07-22,89.761009
2015-07-23,89.496841
2015-07-24,91.974503
2015-07-27,91.109131
2015-07-28,92.55751
2015-07-29,92.894516
2015-07-30,92.766983
2015-07-31,93.158684
2015-08-03,92.466408
2015-08-04,92.439079
2015-08-05,93.932953
2015-08-06,92.293327
2015-08-07,91.947189
2015-08-10,93.0858
2015-08-11,92.748787
2015-08-12,93.942085
2015-08-13,93.796326
2015-08-14,94.406639
2015-08-17,94.862083
2015-08-18,95.016914
2015-08-19,95.217346
2015-08-20,93.386398
2015-08-21,90.517036
2015-08-24,87.092033
2015-08-25,86.982727
2015-08-26,90.006935
2015-08-27,92.074692
2015-08-28,90.808548
2015-08-31,89.861191
2015-09-01,86.955399
2015-09-02,88.267105
2015-09-03,88.066673
2015-09-04,86.846092
2015-09-08,89.78833
2015-09-09,88.622353
2015-09-10,89.542374
2015-09-11,90.772125
2015-09-14,89.961395
2015-09-15,90.954277
2015-09-16,91.637459
2015-09-17,91.601021
2015-09-18,90.380424
2015-09-21,90.73568
2015-09-22,89.779205
2015-09-23,89.806534
2015-09-24,89.469513
2015-09-25,88.267105
2015-09-28,84.468765
2015-09-29,85.227501
2015-09-30,86.022835
2015-10-01,86.763321
2015-10-02,88.180252
2015-10-05,88.573357
2015-10-06,86.77243
2015-10-07,87.759743
2015-10-08,88.993858
2015-10-09,89.35952
2015-10-12,90.054283
2015-10-13,89.194977
2015-10-14,88.582481
2015-10-15,90.218834
2015-10-16,91.443817
2015-10-19,91.836914
2015-10-20,90.694214
2015-10-21,91.224419
2015-10-22,90.072578
2015-10-23,86.333633
2015-10-26,85.839996
2015-10-27,85.785149
2015-10-28,87.549477
2015-10-29,87.62262
2015-10-30,87.412354
2015-11-02,88.408813
2015-11-03,88.491081
2015-11-04,89.130997
2015-11-05,89.213264
2015-11-06,89.222404
2015-11-09,88.500214
2015-11-10,89.222404
2015-11-11,89.249817
2015-11-12,87.403221
2015-11-13,87.421501
2015-11-16,88.363098
2015-11-17,88.31739
2015-11-18,88.683044
2015-11-19,87.220406
2015-11-20,88.198524
2015-11-23,87.83287
2015-11-24,88.31739
2015-11-25,88.875023
2015-11-27,89.670341
2015-11-30,88.180252
2015-12-01,88.481934
2015-12-02,87.997414
2015-12-03,84.633301
2015-12-04,86.242218
2015-12-07,86.05941
2015-12-08,85.492592
2015-12-09,84.395615
2015-12-10,84.953247
2015-12-11,84.285919
2015-12-14,83.563744
2015-12-15,84.505318
2015-12-16,85.867424
2015-12-17,84.752159
2015-12-18,83.426613
2015-12-21,83.572876
2015-12-22,84.770409
2015-12-23,86.041115
2015-12-24,86.260513
2015-12-28,85.885719
2015-12-29,87.023872
2015-12-30,86.50985
2015-12-31,85.307411
2016-01-04,82.627235
2016-01-05,83.425797
2016-01-06,83.297295
2016-01-07,81.17701
2016-01-08,80.672157
2016-01-11,80.341728
2016-01-12,81.443184
2016-01-13,81.97554
2016-01-14,83.453339
2016-01-15,83.627724
2016-01-19,84.040764
2016-01-20,83.526772
2016-01-21,84.343674
2016-01-22,86.1978
2016-01-25,86.656738
2016-01-26,88.134499
2016-01-27,90.502617
2016-01-28,89.318558
2016-01-29,91.007462
2016-02-01,91.025826
2016-02-02,90.897293
2016-02-03,90.95237
2016-02-04,91.365448
2016-02-05,88.951408
2016-02-08,88.171219
2016-02-09,88.70356
2016-02-10,90.043671
2016-02-11,88.262993
2016-02-12,89.336914
2016-02-16,89.401176
2016-02-17,88.382324
2016-02-18,88.978935
2016-02-19,89.694908
2016-02-22,90.906494
2016-02-23,90.75045
2016-02-24,91.392967
2016-02-25,93.439835
2016-02-26,93.03595
2016-02-29,91.677505
2016-03-01,92.63208
2016-03-02,93.182831
2016-03-03,94.449509
2016-03-04,94.95433
2016-03-07,94.394417
2016-03-08,94.339333
2016-03-09,94.651428
2016-03-10,95.229706
2016-03-11,96.377029
2016-03-14,96.551414
2016-03-15,96.239357
2016-03-16,96.560608
2016-03-17,94.816643
2016-03-18,96.331161
2016-03-21,96.248543
2016-03-22,96.32196
2016-03-23,96.918571
2016-03-24,96.578979
2016-03-28,96.432091
2016-03-29,98.449554
2016-03-30,98.615379
2016-03-31,98.836464
2016-04-01,99.969536
2016-04-04,100.715721
2016-04-05,98.606171
2016-04-06,99.702408
2016-04-07,99.444458
2016-04-08,99.987984
2016-04-11,99.720818
2016-04-12,100.826263
2016-04-13,100.982903
2016-04-14,101.425041
2016-04-15,101.148705
2016-04-18,101.692207
2016-04-19,101.084198
2016-04-20,102.005432
2016-04-21,100.697304
2016-04-22,100.780205
2016-04-25,100.863098
2016-04-26,100.881546
2016-04-27,101.369766
2016-04-28,100.927589
2016-04-29,100.420937
2016-05-02,101.277657
2016-05-03,100.568329
2016-05-04,100.034019
2016-05-05,101.443481
2016-05-06,102.447586
2016-05-09,102.548927
2016-05-10,102.945045
2016-05-11,102.696312
2016-05-12,103.009537
2016-05-13,102.171249
2016-05-16,103.497772
2016-05-17,101.461899
2016-05-18,101.204002
2016-05-19,100.863098
2016-05-20,101.56324
2016-05-23,101.581665
2016-05-24,102.871361
2016-05-25,103.055603
2016-05-26,102.788452
2016-05-27,102.96347
2016-05-31,102.401543
2016-06-01,102.862144
2016-06-02,103.783371
2016-06-03,104.612434
2016-06-06,104.584785
2016-06-07,103.718864
2016-06-08,105.28492
2016-06-09,106.242981
2016-06-10,105.533646
2016-06-13,105.423103
2016-06-14,106.325897
2016-06-15,105.330994
2016-06-16,105.588905
2016-06-17,105.367844
2016-06-20,106.943092
2016-06-21,107.283928
2016-06-22,107.431358
2016-06-23,109.05265
2016-06-24,107.403709
2016-06-27,105.736313
2016-06-28,107.178154
2016-06-29,109.812347
2016-06-30,110.755104
2016-07-01,111.291168
2016-07-05,112.030571
2016-07-06,111.919662
2016-07-07,111.86422
2016-07-08,113.028793
2016-07-11,113.361534
2016-07-12,113.518661
2016-07-13,113.232132
2016-07-14,113.03804
2016-07-15,112.834694
2016-07-18,112.409531
2016-07-19,112.538933
2016-07-20,113.093498
2016-07-21,113.278343
2016-07-22,108.167152
2016-07-25,107.150452
2016-07-26,107.621826
2016-07-27,106.133751
2016-07-28,106.253906
2016-07-29,107.473915
2016-08-01,108.157898
2016-08-02,106.937866
2016-08-03,106.124504
2016-08-04,106.152222
2016-08-05,106.198441
2016-08-08,106.124504
2016-08-09,106.706772
2016-08-10,106.780746
2016-08-11,106.780746
2016-08-12,106.817711
2016-08-15,106.503456
2016-08-16,104.885986
2016-08-17,104.580986
2016-08-18,105.135529
2016-08-19,105.154022
2016-08-22,105.49601
2016-08-23,105.006149
2016-08-24,104.091125
2016-08-25,104.728874
2016-08-26,105.773293
2016-08-29,107.473915
2016-08-30,107.159691
2016-08-31,106.900902
2016-09-01,106.503456
2016-09-02,106.845428
2016-09-06,108.037727
2016-09-07,106.447998
2016-09-08,106.170731
2016-09-09,102.168617
2016-09-12,104.165047
2016-09-13,102.150146
2016-09-14,102.60305
2016-09-15,104.904457
2016-09-16,105.662384
2016-09-19,105.754807
2016-09-20,105.921158
2016-09-21,107.621826
2016-09-22,109.47036
2016-09-23,108.84185
2016-09-26,107.409241
2016-09-27,108.87883
2016-09-28,108.77681
2016-09-29,107.283951
2016-09-30,107.942314
2016-10-03,107.979385
2016-10-04,107.803207
2016-10-05,108.174118
2016-10-06,108.164864
2016-10-07,107.849564
2016-10-10,109.277542
2016-10-11,105.457253
2016-10-12,105.6334
2016-10-13,105.318138
2016-10-14,105.383049
2016-10-17,105.308876
2016-10-18,106.458664
2016-10-19,106.013596
2016-10-20,106.21759
2016-10-21,105.43869
2016-10-24,106.384521
2016-10-25,104.956505
2016-10-26,101.896561
2016-10-27,101.738937
2016-10-28,105.957954
2016-10-31,106.959373
2016-11-01,106.440125
2016-11-02,107.098495
2016-11-03,107.237556
2016-11-04,108.628464
2016-11-07,110.974434
2016-11-08,112.059334
2016-11-09,107.784653
2016-11-10,105.735428
2016-11-11,102.332367
2016-11-14,98.920074
2016-11-15,101.757477
2016-11-16,101.43293
2016-11-17,102.601265
2016-11-18,103.333809
2016-11-21,103.361641
2016-11-22,102.647629
2016-11-23,103.621269
2016-11-25,104.631996
2016-11-28,104.733971
2016-11-29,107.015038
2016-11-30,105.392342
2016-12-01,103.621269
2016-12-02,103.927261
2016-12-05,103.862373
2016-12-06,104.400169
2016-12-07,105.401604
2016-12-08,107.10775
2016-12-09,108.025742
2016-12-12,109.027184
2016-12-13,109.07357
2016-12-14,108.239006
2016-12-15,110.177002
2016-12-16,110.112083
2016-12-19,110.167717
2016-12-20,110.816795
2016-12-21,110.714806
2016-12-22,111.716232
2016-12-23,111.975868
2016-12-27,112.059334
2016-12-28,111.552185
2016-12-29,112.14772
2016-12-30,111.487038
2017-01-03,111.133461
2017-01-04,111.756897
2017-01-05,110.52861
2017-01-06,109.570152
2017-01-09,110.75193
2017-01-10,113.431847
2017-01-11,115.069572
2017-01-12,114.697388
2017-01-13,114.381004
2017-01-17,114.036705
2017-01-18,113.897141
2017-01-19,113.645882
2017-01-20,113.292274
2017-01-23,112.975929
2017-01-24,113.059631
2017-01-25,112.696754
2017-01-26,112.436188
2017-01-27,114.725296
2017-01-30,113.999474
2017-01-31,114.948616
2017-02-01,114.567101
2017-02-02,114.818336
2017-02-03,114.790443
2017-02-06,113.832001
2017-02-07,113.999474
2017-02-08,113.906441
2017-02-09,114.75322
2017-02-10,114.743919
2017-02-13,115.693047
2017-02-14,116.558441
2017-02-15,117.02372
2017-02-16,117.014404
2017-02-17,117.563423
2017-02-21,118.326462
2017-02-22,118.447441
2017-02-23,119.731544
2017-02-24,120.289909
2017-02-27,119.647797
2017-02-28,119.629204
2017-03-01,121.946228
2017-03-02,121.704292
2017-03-03,121.155281
2017-03-06,120.680702
2017-03-07,120.1689
2017-03-08,120.355042
2017-03-09,120.792389
2017-03-10,120.96917
2017-03-13,122.253281
2017-03-14,121.871796
2017-03-15,123.602585
2017-03-16,122.364975
2017-03-17,123.444359
2017-03-20,123.379288
2017-03-21,123.18383
2017-03-22,123.24897
2017-03-23,122.4487
2017-03-24,123.304817
2017-03-27,123.286186
2017-03-28,123.481598
2017-03-29,123.131538
2017-03-30,123.178177
2017-03-31,122.898155
2017-04-03,123.159538
2017-04-04,122.674103
2017-04-05,122.459389
2017-04-06,122.142014
2017-04-07,122.142014
2017-04-10,122.039299
2017-04-11,121.908615
2017-04-12,121.740616
2017-04-13,121.292488
2017-04-17,122.263367
2017-04-18,122.207344
2017-04-19,123.056862
2017-04-20,123.934357
2017-04-21,124.102402
2017-04-24,125.512009
2017-04-25,126.576241
2017-04-26,127.136337
2017-04-27,126.37085
2017-04-28,127.304382
2017-05-01,126.74424
2017-05-02,127.117676
2017-05-03,126.688278
2017-05-04,126.006767
2017-05-05,126.921669
2017-05-08,125.885437
2017-05-09,125.904083
2017-05-10,125.12928
2017-05-11,125.876099
2017-05-12,125.857422
2017-05-15,126.986977
2017-05-16,125.810768
2017-05-17,124.662514
2017-05-18,125.876099
2017-05-19,127.715149
2017-05-22,129.423447
2017-05-23,130.599731
2017-05-24,130.683716
2017-05-25,131.486557
2017-05-26,131.878616
2017-05-30,132.541428
2017-05-31,133.456284
2017-06-01,135.080597
2017-06-02,134.875229
2017-06-05,134.632523
2017-06-06,134.473801
2017-06-07,134.837891
2017-06-08,132.961517
2017-06-09,132.438736
2017-06-12,131.271835
2017-06-13,131.794632
2017-06-14,132.457413
2017-06-15,131.841278
2017-06-16,132.784164
2017-06-19,131.981308
2017-06-20,131.607925
2017-06-21,131.43988
2017-06-22,131.831955
2017-06-23,131.738617
2017-06-26,130.609055
2017-06-27,130.310333
2017-06-28,130.904907
2017-06-29,129.977905
2017-06-30,129.949829
2017-07-03,129.425446
2017-07-05,130.84874
2017-07-06,130.408646
2017-07-07,132.140945
2017-07-10,131.616562
2017-07-11,131.560379
2017-07-12,135.174805
2017-07-13,134.088608
2017-07-14,136.14856
2017-07-17,135.59613
2017-07-18,136.120514
2017-07-19,136.916428
2017-07-20,138.021362
2017-07-21,136.888382
2017-07-24,137.496979
2017-07-25,136.766602
2017-07-26,136.476318
2017-07-27,134.884476
2017-07-28,138.395889
2017-07-31,137.740433
2017-08-01,138.461426
2017-08-02,135.905121
2017-08-03,137.056885
2017-08-04,137.206696
2017-08-07,137.393997
2017-08-08,136.841507
2017-08-09,135.942551
2017-08-10,134.753403
2017-08-11,135.006241
2017-08-14,136.710419
2017-08-15,138.058823
2017-08-16,138.030701
2017-08-17,136.111099
2017-08-18,135.109222
2017-08-21,135.895782
2017-08-22,136.251633
2017-08-23,129.556519
2017-08-24,129.940445
2017-08-25,130.979843
2017-08-28,130.68956
2017-08-29,130.539764
2017-08-30,130.464844
2017-08-31,132.375031
2017-09-01,132.112854
2017-09-05,132.599731
2017-09-06,132.140945
2017-09-07,133.170959
2017-09-08,133.433136
2017-09-11,134.547379
2017-09-12,134.397552
2017-09-13,133.929413
2017-09-14,135.296494
2017-09-15,134.725311
2017-09-18,135.333954
2017-09-19,133.938766
2017-09-20,133.629761
2017-09-21,131.719574
2017-09-22,131.925537
2017-09-25,131.223282
2017-09-26,132.10347
2017-09-27,132.000443
2017-09-28,131.695236
2017-09-29,133.385788
2017-10-02,134.785217
2017-10-03,134.897903
2017-10-04,137.095688
2017-10-05,139.293396
2017-10-06,139.941467
2017-10-09,137.05806
2017-10-10,135.893494
2017-10-11,137.508911
2017-10-12,137.64975
2017-10-13,137.771881
2017-10-16,138.335373
2017-10-17,139.744186
2017-10-18,139.603302
2017-10-19,140.242004
2017-10-20,141.340836
2017-10-23,140.805496
2017-10-24,140.589523
2017-10-25,141.049667
2017-10-26,139.7724
2017-10-27,150.028503
2017-10-30,145.924133
2017-10-31,145.45459
2017-11-01,145.041306
2017-11-02,145.595474
2017-11-03,146.684937
2017-11-06,146.18718
2017-11-07,146.722473
2017-11-08,146.947922
2017-11-09,147.098145
2017-11-10,145.088257
2017-11-13,146.281082
2017-11-14,146.468887
2017-11-15,145.38884
2017-11-16,146.96669
2017-11-17,145.952316
2017-11-20,145.341858
2017-11-21,146.262268
2017-11-22,145.37941
2017-11-24,145.266739
2017-11-27,145.689346
2017-11-28,146.30925
2017-11-29,144.731384
2017-11-30,146.515869
2017-12-01,146.393799
2017-12-04,143.097214
2017-12-05,142.787247
2017-12-06,142.533661
2017-12-07,141.960709
2017-12-08,142.693283
2017-12-11,143.425919
2017-12-12,144.32753
2017-12-13,143.989426
2017-12-14,142.139191
2017-12-15,144.872253
2017-12-18,146.036835
2017-12-19,145.820847
2017-12-20,145.370041
2017-12-21,144.731384
2017-12-22,144.768951
2017-12-26,144.834702
2017-12-27,146.158981
2017-12-28,146.601761
2017-12-29,145.866943
2018-01-02,148.749588
2018-01-03,149.588043
2018-01-04,149.540939
2018-01-05,151.726486
2018-01-08,153.798965
2018-01-09,151.462738
2018-01-10,150.294556
2018-01-11,149.409058
2018-01-12,149.06044
2018-01-16,150.228607
2018-01-17,150.982254
2018-01-18,150.991684
2018-01-19,151.933746
2018-01-22,153.101883
2018-01-23,152.555496
2018-01-24,154.957748
2018-01-25,155.956268
2018-01-26,159.121582
2018-01-29,158.970871
2018-01-30,158.688202
2018-01-31,154.85408
2018-02-01,155.230881
2018-02-02,152.847534
2018-02-05,145.452423
2018-02-06,145.207489
2018-02-07,144.764725
2018-02-08,139.432724
2018-02-09,142.456696
2018-02-12,144.755325
2018-02-13,145.603165
2018-02-14,147.185806
2018-02-15,149.352509
2018-02-16,150.605423
2018-02-20,149.540939
2018-02-21,148.730743
2018-02-22,149.748184
2018-02-23,152.329376
2018-02-26,156.163544
2018-02-27,154.609116
2018-02-28,152.762711
2018-03-01,150.059052
2018-03-02,151.481522
2018-03-05,153.120728
2018-03-06,153.299713
2018-03-07,153.544647
2018-03-08,153.883774
2018-03-09,156.766464
2018-03-12,158.160706
2018-03-13,157.425888
2018-03-14,156.738174
2018-03-15,156.804123
2018-03-16,157.802673
2018-03-19,156.408463
2018-03-20,156.860657
2018-03-21,155.183792
2018-03-22,151.490967
2018-03-23,148.438766
2018-03-26,151.104706
2018-03-27,149.352509
2018-03-28,149.258011
2018-03-29,152.045349
2018-04-02,147.632889
2018-04-03,150.316269
2018-04-04,150.070587
2018-04-05,151.242249
2018-04-06,146.612411
2018-04-09,148.388794
2018-04-10,151.535156
2018-04-11,149.144669
2018-04-12,149.815491
2018-04-13,149.617096
2018-04-16,153.122482
2018-04-17,154.624786
2018-04-18,155.626373
2018-04-19,154.530304
2018-04-20,155.191711
2018-04-23,157.582153
2018-04-24,155.626373
2018-04-25,156.259369
2018-04-26,158.838821
2018-04-27,161.257614
2018-04-30,160.076599
2018-05-01,159.623077
2018-05-02,157.818405
2018-05-03,157.610519
2018-05-04,158.734848
2018-05-07,158.24353
2018-05-08,157.431
2018-05-09,158.158493
2018-05-10,159.651398
2018-05-11,160.133255
2018-05-14,159.821457
2018-05-15,158.942734
2018-05-16,162.287491
2018-05-17,161.815079
2018-05-18,163.279617
2018-05-21,164.158325
2018-05-22,163.364655
2018-05-23,165.745712
2018-05-24,165.386658
2018-05-25,164.196121
2018-05-29,162.835541
2018-05-30,165.414993
2018-05-31,164.422897
2018-06-01,165.783478
2018-06-04,166.643265
2018-06-05,167.446411
2018-06-06,169.865234
2018-06-07,168.325104
2018-06-08,169.081009
2018-06-11,160.416748
2018-06-12,153.575989
2018-06-13,157.412079
2018-06-14,159.443527
2018-06-15,159.093933
2018-06-18,160.860809
2018-06-19,160.369476
2018-06-20,160.189926
2018-06-21,160.445053
2018-06-22,162.514282
2018-06-25,160.88916
2018-06-26,162.750488
2018-06-27,159.830872
2018-06-28,160.096207
2018-06-29,159.991974
2018-07-02,161.03421
2018-07-03,160.873123
2018-07-05,162.33223
2018-07-06,164.018799
2018-07-09,164.492508
2018-07-10,165.222076
2018-07-11,164.312469
2018-07-12,165.174713
2018-07-13,165.146286
2018-07-16,164.312469
2018-07-17,166.861237
2018-07-18,164.615692
2018-07-19,163.781921
2018-07-20,165.146286
2018-07-23,165.506317
2018-07-24,163.838791
2018-07-25,161.053177
2018-07-26,162.389114
2018-07-27,160.162506
2018-07-30,156.325226
2018-07-31,154.676559
2018-08-01,156.334686
2018-08-02,157.708572
2018-08-03,156.618896
2018-08-06,157.405334
2018-08-07,156.505249
2018-08-08,157.433792
2018-08-09,158.23912
2018-08-10,157.168457
2018-08-13,157.386383
2018-08-14,157.481186
2018-08-15,158.02121
2018-08-16,159.830902
2018-08-17,161.053177
2018-08-20,160.029861
2018-08-21,159.461411
2018-08-22,160.645706
2018-08-23,160.503647
2018-08-24,161.053177
2018-08-27,161.526871
2018-08-28,160.967896
2018-08-29,162.275406
2018-08-30,160.14357
2018-08-31,160.532074
2018-09-04,159.745636
2018-09-05,159.215042
2018-09-06,162.25647
2018-09-07,160.835236
2018-09-10,161.44162
2018-09-11,162.739655
2018-09-12,164.189331
2018-09-13,163.980911
2018-09-14,161.545853
2018-09-17,160.95842
2018-09-18,164.956772
2018-09-19,164.416718
2018-09-20,164.378845
2018-09-21,165.3358
2018-09-24,166.832825
2018-09-25,166.539063
2018-09-26,166.548584
2018-09-27,166.292053
2018-09-28,168.80014
2018-10-01,169.721634
2018-10-02,168.515091
2018-10-03,166.548584
2018-10-04,164.895538
2018-10-05,165.389526
2018-10-08,166.254044
2018-10-09,167.280075
2018-10-10,162.596451
2018-10-11,160.287933
2018-10-12,162.491974
2018-10-15,160.943405
2018-10-16,166.349075
2018-10-17,167.422592
2018-10-18,164.449036
2018-10-19,160.496918
2018-10-22,159.3759
2018-10-23,158.302368
2018-10-24,155.043762
2018-10-25,157.010315
2018-10-26,152.364731
2018-10-29,153.666275
2018-10-30,153.941727
2018-10-31,154.112762
2018-11-01,158.245422
2018-11-02,157.105331
2018-11-05,158.017349
2018-11-06,158.397354
2018-11-07,161.266418
2018-11-08,162.729462
2018-11-09,162.691483
2018-11-12,161.513428
2018-11-13,159.432907
2018-11-14,157.703827
2018-11-15,160.287933
2018-11-16,163.555984
2018-11-19,159.33786
2018-11-20,157.656326
2018-11-21,156.126816
2018-11-23,156.563843
2018-11-26,157.618347
2018-11-27,158.720352
2018-11-28,163.099976
2018-11-29,162.368454
2018-11-30,166.691086
2018-12-03,165.199539
2018-12-04,163.641464
2018-12-06,163.822006
2018-12-07,160.411407
2018-12-10,162.662964
2018-12-11,163.080978
2018-12-12,163.983475
2018-12-13,164.221024
2018-12-14,158.23587
2018-12-17,152.1082
2018-12-18,153.409744
2018-12-19,150.103653
2018-12-20,146.104034
2018-12-21,143.196991
2018-12-24,137.753326
2018-12-26,143.291977
2018-12-27,146.873596
2018-12-28,147.559921
2018-12-31,149.418732
2019-01-02,147.273926
2019-01-03,145.329361
2019-01-04,149.714188
2019-01-07,149.657028
2019-01-08,151.468155
2019-01-09,152.326065
2019-01-10,153.793991
2019-01-11,152.030563
2019-01-14,150.286133
2019-01-15,154.556595
2019-01-16,155.75766
2019-01-17,156.720444
2019-01-18,159.713547
2019-01-22,158.121658
2019-01-23,158.026352
2019-01-24,159.47525
2019-01-25,158.007324
2019-01-28,154.423141
2019-01-29,153.536652
2019-01-30,170.999802
2019-01-31,169.264938
2019-02-01,169.017105
2019-02-04,168.855042
2019-02-05,170.96167
2019-02-06,172.248505
2019-02-07,172.296188
2019-02-08,174.116852
2019-02-11,174.946182
2019-02-12,176.976578
2019-02-13,176.62384
2019-02-14,176.862152
2019-02-15,178.091858
2019-02-19,177.405533
2019-02-20,178.863937
2019-02-21,178.806763
2019-02-22,179.845764
2019-02-25,178.711441
2019-02-26,176.576233
2019-02-27,178.034637
2019-02-28,179.693237
2019-03-01,182.619659
2019-03-04,181.752243
2019-03-05,181.04686
2019-03-06,179.531189
2019-03-07,178.311066
2019-03-08,178.473114
2019-03-11,180.370071
2019-03-12,181.87619
2019-03-13,182.867554
2019-03-14,184.306839
2019-03-15,184.964645
2019-03-18,184.526108
2019-03-19,186.947342
2019-03-20,187.919632
2019-03-21,188.73938
2019-03-22,185.345917
2019-03-25,186.041794
2019-03-26,186.90921
2019-03-27,187.02359
2019-03-28,187.444122
2019-03-29,188.782227
2019-04-01,187.425018
2019-04-02,186.536194
2019-04-03,186.220779
2019-04-04,185.140762
2019-04-05,186.603073
2019-04-08,187.080963
2019-04-09,187.300766
2019-04-10,187.463242
2019-04-11,186.689102
2019-04-12,184.146759
2019-04-15,184.863571
2019-04-16,180.677322
2019-04-17,172.266617
2019-04-18,172.285767
2019-04-22,174.101715
2019-04-23,178.689362
2019-04-24,176.854294
2019-04-25,178.890045
2019-04-26,179.950928
2019-04-29,179.004745
2019-04-30,180.553101
2019-05-01,178.440857
2019-05-02,180.495773
2019-05-03,182.273468
2019-05-06,182.569778
2019-05-07,179.234131
2019-05-08,179.731155
2019-05-09,179.692902
2019-05-10,179.014282
2019-05-13,176.051468
2019-05-14,176.032364
2019-05-15,177.456421
2019-05-16,177.418198
2019-05-17,175.994095
2019-05-20,176.156601
2019-05-21,177.24614
2019-05-22,177.72403
2019-05-23,176.338196
2019-05-24,176.596237
2019-05-28,173.929688
2019-05-29,173.356171
2019-05-30,175.621384
2019-05-31,175.133926
2019-06-03,174.923645
2019-06-04,178.201935
2019-06-05,180.772934
2019-06-06,183.334335
2019-06-07,185.704681
2019-06-10,187.444122
2019-06-11,186.192093
2019-06-12,188.428543
2019-06-13,188.074966
2019-06-14,186.822906
2019-06-17,187.702209
2019-06-18,189.412964
2019-06-19,191.620834
2019-06-20,194.287384
2019-06-21,193.752167
2019-06-24,195.434311
2019-06-25,194.784393
2019-06-26,193.417664
2019-06-27,194.078796
2019-06-28,196.991837
2019-07-01,197.911713
2019-07-02,197.202652
2019-07-03,199.454468
2019-07-05,199.847351
2019-07-08,199.377823
2019-07-09,200.24025
2019-07-10,200.326447
2019-07-11,202.032089
2019-07-12,197.777573
2019-07-15,196.905609
2019-07-16,196.819351
2019-07-17,199.262833
2019-07-18,201.658386
2019-07-19,199.329926
2019-07-22,199.780258
2019-07-23,200.623505
2019-07-24,204.648071
2019-07-25,203.776062
2019-07-26,205.491287
2019-07-29,206.324966
2019-07-30,204.686386
2019-07-31,201.016373
2019-08-01,204.025192
2019-08-02,202.77951
2019-08-05,197.068466
2019-08-06,202.386642
2019-08-07,202.894485
2019-08-08,208.691757
2019-08-09,209.602081
2019-08-12,208.116837
2019-08-13,209.956635
2019-08-14,203.201141
2019-08-15,206.305771
2019-08-16,207.934769
2019-08-19,209.506256
2019-08-20,208.835464
2019-08-21,209.870392
2019-08-22,209.151733
2019-08-23,205.155914
2019-08-26,208.068893
2019-08-27,209.381683
2019-08-28,210.320755
2019-08-29,212.553406
2019-08-30,211.441864
2019-09-03,209.00795
2019-09-04,209.851227
2019-09-05,211.020248
2019-09-06,212.150925
2019-09-09,208.107239
2019-09-10,204.763031
2019-09-11,208.845062
2019-09-12,210.847763
2019-09-13,209.06546
2019-09-16,206.296219
2019-09-17,209.27626
2019-09-18,211.269379
2019-09-19,211.815582
2019-09-20,211.959305
2019-09-23,210.991501
2019-09-24,208.883377
2019-09-25,208.845062
2019-09-26,207.350235
2019-09-27,205.179459
2019-09-30,207.76329
2019-10-01,204.324585
2019-10-02,200.847458
2019-10-03,204.718399
2019-10-04,206.98526
2019-10-07,204.535889
2019-10-08,199.675598
2019-10-09,202.547577
2019-10-10,202.951004
2019-10-11,205.371536
2019-10-14,204.266953
2019-10-15,206.466568
2019-10-16,207.23497
2019-10-17,207.052475
2019-10-18,206.821976
2019-10-21,206.581848
2019-10-22,201.481384
2019-10-23,202.153793
2019-10-24,203.066284
2019-10-25,203.26796
2019-10-28,205.285095
2019-10-29,211.82634
2019-10-30,208.522125
2019-10-31,207.734482
2019-11-01,204.372589
2019-11-04,197.07254
2019-11-05,190.540863
2019-11-06,193.076736
2019-11-07,192.855804
2019-11-08,191.895294
2019-11-11,190.588928
2019-11-12,192.279449
2019-11-13,193.768295
2019-11-14,195.141861
2019-11-15,198.10994
2019-11-18,196.966888
2019-11-19,198.945587
2019-11-20,196.236908
2019-11-21,193.33606
2019-11-22,193.633804
2019-11-25,195.084259
2019-11-26,194.469528
2019-11-27,196.851639
2019-11-29,196.77478
2019-12-02,194.34462
2019-12-03,195.05542
2019-12-04,196.304123
2019-12-05,195.18988
2019-12-06,195.939148
2019-12-09,192.490799
2019-12-10,190.310394
2019-12-11,190.166321
2019-12-12,191.885666
2019-12-13,194.920929
2019-12-16,196.188873
2019-12-17,195.430023
2019-12-18,200.290314
2019-12-19,199.867661
2019-12-20,201.711929
2019-12-23,204.151657
2019-12-24,203.229568
2019-12-26,201.471771
2019-12-27,202.240234
2019-12-30,201.041061
2019-12-31,202.206512
2020-01-02,202.697708
2020-01-03,201.8694
2020-01-06,204.402527
2020-01-07,201.898285
2020-01-08,202.928894
2020-01-09,203.834259
2020-01-10,201.9272
2020-01-13,199.268875
2020-01-14,200.299469
2020-01-15,199.134018
2020-01-16,201.744171
2020-01-17,204.35434
2020-01-21,206.742996
2020-01-22,209.073853
2020-01-23,208.255173
2020-01-24,206.338486
2020-01-27,206.694839
2020-01-28,206.309586
2020-01-29,202.919235
2020-01-30,205.953171
2020-01-31,202.938477
2020-02-03,203.843887
2020-02-04,208.380371
2020-02-05,209.709534
2020-02-06,210.200775
2020-02-07,206.897095
2020-02-10,209.227982
2020-02-11,210.104431
2020-02-12,208.120346
2020-02-13,209.401321
2020-02-14,213.379227
2020-02-18,213.754822
2020-02-19,216.808075
2020-02-20,216.201263
2020-02-21,216.037521
2020-02-24,207.609848
2020-02-25,198.710205
2020-02-26,194.231506
2020-02-27,187.672379
2020-02-28,183.569321
2020-03-02,189.955063
2020-03-03,181.874115
2020-03-04,191.091583
2020-03-05,182.615768
2020-03-06,179.032776
2020-03-09,166.270889
2020-03-10,176.798279
2020-03-11,169.150742
2020-03-12,148.567932
2020-03-13,158.247757
2020-03-16,138.531769
2020-03-17,134.996964
2020-03-18,133.87973
2020-03-19,143.992905
2020-03-20,134.245697
2020-03-23,121.840157
2020-03-24,138.156158
2020-03-25,147.412125
2020-03-26,157.313461
2020-03-27,153.354874
2020-03-30,157.525955
2020-03-31,160.938278
2020-04-01,139.845871
2020-04-02,144.592133
2020-04-03,143.132492
2020-04-06,160.135925
2020-04-07,160.261597
2020-04-08,170.546768
2020-04-09,176.627075
2020-04-13,166.341858
2020-04-14,169.541504
2020-04-15,166.78653
2020-04-16,168.980789
2020-04-17,183.190659
2020-04-20,178.560364
2020-04-21,172.944107
2020-04-22,175.853745
2020-04-23,176.395065
2020-04-24,181.846985
2020-04-27,185.558945
2020-04-28,178.840683
2020-04-29,186.254913
2020-04-30,180.213348
2020-05-01,174.597061
2020-05-04,172.615479
2020-05-05,181.663315
2020-05-06,179.64299
2020-05-07,185.781265
2020-05-08,185.674942
2020-05-11,187.182922
2020-05-12,181.895325
2020-05-13,175.099747
2020-05-14,173.398453
2020-05-15,174.258743
2020-05-18,185.520279
2020-05-19,181.982361
2020-05-20,184.611618
2020-05-21,178.918015
2020-05-22,177.99971
2020-05-26,180.087692
2020-05-27,185.23027
2020-05-28,188.835876
2020-05-29,189.203247
2020-06-01,190.672531
2020-06-02,191.774536
2020-06-03,194.007492
2020-06-04,191.474884
2020-06-05,200.126434
2020-06-08,199.130768
2020-06-09,194.007492
2020-06-10,194.442505
2020-06-11,177.419739
2020-06-12,181.527985
2020-06-15,182.194977
2020-06-16,185.085266
2020-06-17,183.238953
2020-06-18,183.68364
2020-06-19,180.870682
2020-06-22,178.918015
2020-06-23,180.571014
2020-06-24,170.421158
2020-06-25,169.75415
2020-06-26,167.965851
2020-06-29,172.170197
2020-06-30,174.75972
2020-07-01,178.299728
2020-07-02,178.396713
2020-07-06,178.357925
2020-07-07,174.905228
2020-07-08,176.29213
2020-07-09,172.412659
2020-07-10,172.529022
2020-07-13,172.499969
2020-07-14,177.203812
2020-07-15,182.935669
2020-07-16,180.966843
2020-07-17,187.232193
2020-07-20,184.933594
2020-07-21,186.70845
2020-07-22,188.99733
2020-07-23,189.27861
2020-07-24,192.837997
2020-07-27,191.392868
2020-07-28,188.42511
2020-07-29,195.34024
2020-07-30,194.166718
2020-07-31,187.474655
2020-08-03,185.825867
2020-08-04,183.595215
2020-08-05,182.295593
2020-08-06,182.906601
2020-08-07,185.76767
2020-08-10,182.014313
2020-08-11,183.226669
2020-08-12,184.448685
2020-08-13,185.205154
2020-08-14,182.693237
2020-08-17,183.333344
2020-08-18,183.653412
2020-08-19,180.491623
2020-08-20,182.198578
2020-08-21,183.09082
2020-08-24,183.013306
2020-08-25,183.857071
2020-08-26,183.313934
2020-08-27,190.287247
2020-08-28,192.236725
2020-08-31,192.188202
2020-09-01,192.062103
2020-09-02,195.543884
2020-09-03,192.168762
2020-09-04,191.664459
2020-09-08,194.050293
2020-09-09,199.219681
2020-09-10,195.699066
2020-09-11,195.93187
2020-09-14,199.316696
2020-09-15,204.156326
2020-09-16,209.306259
2020-09-17,205.194061
2020-09-18,200.160477
2020-09-21,196.795044
2020-09-22,197.241135
2020-09-23,196.3004
2020-09-24,192.964081
2020-09-25,198.831757
2020-09-28,201.004242
2020-09-29,199.12233
2020-09-30,202.65274
2020-10-01,202.944504
2020-10-02,202.584671
2020-10-05,208.186615
2020-10-06,204.811813
2020-10-07,211.434952
2020-10-08,213.078598
2020-10-09,216.813232
2020-10-12,219.439148
2020-10-13,213.963654
2020-10-14,215.150146
2020-10-15,216.229706
2020-10-16,217.902512
2020-10-19,214.829208
2020-10-20,214.741684
2020-10-21,214.838913
2020-10-22,218.476303
2020-10-23,215.811462
2020-10-26,208.847961
2020-10-27,207.603088
2020-10-28,199.326569
2020-10-29,199.754486
2020-10-30,196.467224
2020-11-02,197.216125
2020-11-03,202.545761
2020-11-04,202.030304
2020-11-05,204.821564
2020-11-06,207.583633
2020-11-09,227.919907
2020-11-10,224.243622
2020-11-11,219.059875
2020-11-12,219.040421
2020-11-13,225.576035
2020-11-16,229.310669
2020-11-17,225.089737
2020-11-18,225.400955
2020-11-19,227.161285
2020-11-20,226.470764
2020-11-23,226.616623
2020-11-24,233.71637
2020-11-25,227.30719
2020-11-27,226.42215
2020-11-30,226.995972
2020-12-01,224.661819
2020-12-02,227.832352
2020-12-03,228.338104
2020-12-04,233.016098
2020-12-07,230.302658
2020-12-08,228.989685
2020-12-09,229.456543
2020-12-10,228.678513
2020-12-11,225.828888
2020-12-14,224.613174
2020-12-15,227.637863
2020-12-16,228.678513
2020-12-17,231.566986
2020-12-18,233.414871
2020-12-21,228.415894
2020-12-22,228.834106
2020-12-23,229.845566
2020-12-24,230.555527
2020-12-28,231.994904
2020-12-29,234.241547
2020-12-30,236.035751
2020-12-31,238.941589
2021-01-04,233.071411
2021-01-05,233.69548
2021-01-06,236.416031
2021-01-07,237.654449
2021-01-08,237.595917
2021-01-11,235.830978
2021-01-12,233.256699
2021-01-13,237.147385
2021-01-14,236.104019
2021-01-15,235.967514
2021-01-19,236.045517
2021-01-20,239.107361
2021-01-21,237.537415
2021-01-22,233.958771
2021-01-25,233.588211
2021-01-26,232.076797
2021-01-27,225.007233
2021-01-28,224.275879
2021-01-29,215.509628
2021-02-01,220.902008
2021-02-02,229.278229
2021-02-03,228.127609
2021-02-04,231.179703
2021-02-05,232.837402
2021-02-08,236.416031
2021-02-09,236.123505
2021-02-10,236.981613
2021-02-11,239.234116
2021-02-12,241.974197
2021-02-16,241.691437
2021-02-17,240.433502
2021-02-18,239.058609
2021-02-19,236.065018
2021-02-22,237.098633
2021-02-23,240.423767
2021-02-24,242.627518
2021-02-25,239.663162
2021-02-26,236.650085
2021-03-01,239.692444
2021-03-02,239.282883
2021-03-03,236.835373
2021-03-04,229.931564
2021-03-05,234.056274
2021-03-08,230.126572
2021-03-09,231.267471
2021-03-10,234.105057
2021-03-11,233.305435
2021-03-12,234.768112
2021-03-15,235.245911
2021-03-16,232.106049
2021-03-17,230.302094
2021-03-18,225.114502
2021-03-19,224.275879
2021-03-22,226.304153
2021-03-23,223.720093
2021-03-24,227.991089
2021-03-25,229.483002
2021-03-26,234.982651
2021-03-29,236.006531
2021-03-30,237.668533
2021-03-31,238.137817
2021-04-01,237.521866
2021-04-05,242.928284
2021-04-06,242.840332
2021-04-07,241.911545
2021-04-08,244.287247
2021-04-09,247.660187
2021-04-12,246.203491
2021-04-13,247.904587
2021-04-14,246.653168
2021-04-15,251.111328
2021-04-16,251.385086
2021-04-19,251.013519
2021-04-20,252.656006
2021-04-21,257.994019
2021-04-22,258.267822
2021-04-23,261.034515
2021-04-26,259.352905
2021-04-27,259.108551
2021-04-28,253.780319
2021-04-29,257.544281
2021-04-30,256.762177
2021-05-03,257.22171
2021-05-04,249.879456
2021-05-05,247.415771
2021-05-06,248.452103
2021-05-07,249.087555
2021-05-10,250.260757
2021-05-11,245.880844
2021-05-12,239.291428
2021-05-13,242.312408
2021-05-14,247.298462
2021-05-17,246.223053
2021-05-18,247.190903
2021-05-19,246.61409
2021-05-20,248.667175
2021-05-21,249.938141
2021-05-24,251.404602
2021-05-25,251.052658
2021-05-26,246.790085
2021-05-27,248.823578
2021-05-28,249.566635
2021-06-01,250.074982
2021-06-02,245.118271
2021-06-03,244.121063
2021-06-04,246.203491
2021-06-07,243.96463
2021-06-08,244.160187
2021-06-09,247.474426
2021-06-10,250.925583
2021-06-11,250.074982
2021-06-14,249.977234
2021-06-15,250.945084
2021-06-16,250.671371
2021-06-17,253.750961
2021-06-18,249.214661
2021-06-21,253.926956
2021-06-22,256.86972
2021-06-23,256.771973
2021-06-24,255.549881
2021-06-25,257.123871
2021-06-28,254.542862
2021-06-29,255.238724
2021-06-30,254.542877
2021-07-01,257.453613
2021-07-02,260.119232
2021-07-06,259.570435
2021-07-07,260.040802
2021-07-08,258.668823
2021-07-09,259.148987
2021-07-12,259.629272
2021-07-13,256.375519
2021-07-14,256.140381
2021-07-15,251.916382
2021-07-16,252.445618
2021-07-19,243.929169
2021-07-20,250.083755
2021-07-21,253.51384
2021-07-22,253.925461
2021-07-23,257.424164
2021-07-26,258.266968
2021-07-27,262.990753
2021-07-28,263.314117
2021-07-29,263.804108
2021-07-30,265.528961
2021-08-02,264.676422
2021-08-03,262.657593
2021-08-04,257.335968
2021-08-05,259.227448
2021-08-06,257.316315
2021-08-09,252.406403
2021-08-10,248.447083
2021-08-11,252.377029
2021-08-12,255.689529
2021-08-13,257.894562
2021-08-16,259.756622
2021-08-17,262.236115
2021-08-18,258.31601
2021-08-19,259.041229
2021-08-20,259.981995
2021-08-23,259.981995
2021-08-24,265.685791
2021-08-25,266.068024
2021-08-26,265.734772
2021-08-27,267.959503
2021-08-30,268.606293
2021-08-31,271.56601
2021-09-01,271.144562
2021-09-02,272.134369
2021-09-03,271.124969
2021-09-07,273.104675
2021-09-08,274.496246
2021-09-09,271.389587
2021-09-10,268.390656
2021-09-13,265.421173
2021-09-14,269.762756
2021-09-15,271.56601
2021-09-16,270.595764
2021-09-17,267.57724
2021-09-20,262.9711
2021-09-21,262.8927
2021-09-22,266.224823
2021-09-23,270.644775
2021-09-24,271.115204
2021-09-27,268.018311
2021-09-28,262.48111
2021-09-29,263.158997
2021-09-30,259.062561
2021-10-01,263.483124
2021-10-04,257.70697
2021-10-05,257.854279
2021-10-06,259.062561
2021-10-07,261.263
2021-10-08,259.023254
2021-10-11,254.170517
2021-10-12,253.620407
2021-10-13,251.970093
2021-10-14,259.190338
2021-10-15,261.616699
2021-10-18,257.422058
2021-10-19,266.076477
2021-10-20,268.925293
2021-10-21,271.557922
2021-10-22,270.860474
2021-10-25,268.227783
2021-10-26,268.355499
2021-10-27,263.758179
2021-10-28,263.699219
2021-10-29,261.371094
2021-11-01,263.659943
2021-11-02,267.834869
2021-11-03,267.058777
2021-11-04,265.290558
2021-11-05,271.282898
2021-11-08,270.683624
2021-11-09,270.310425
2021-11-10,266.272919
2021-11-11,258.767883
2021-11-12,259.6716
2021-11-15,257.264954
2021-11-16,257.667664
2021-11-17,257.431885
2021-11-18,255.113586
2021-11-19,259.033112
2021-11-22,255.702957
2021-11-23,250.044693
2021-11-24,250.643921
2021-11-26,239.180023
2021-11-29,239.199661
2021-11-30,232.451004
2021-12-01,234.877365
2021-12-02,243.030807
2021-12-03,242.510162
2021-12-06,249.916992
2021-12-07,255.948578
2021-12-08,256.66568
2021-12-09,255.938766
2021-12-10,255.604782
2021-12-13,255.477051
2021-12-14,250.251007
2021-12-15,247.765656
2021-12-16,247.019104
2021-12-17,246.78334
2021-12-20,243.394272
2021-12-21,251.695023
2021-12-22,259.386749
2021-12-23,263.512543
2021-12-27,265.644257
2021-12-28,266.007751
2021-12-29,266.322052
2021-12-30,266.592865
2021-12-31,263.372437
2022-01-03,264.357269
2022-01-04,273.565735
2022-01-05,268.129303
2022-01-06,267.390656
2022-01-07,259.580688
2022-01-10,259.856445
2022-01-11,264.111053
2022-01-12,263.973175
2022-01-13,263.835297
2022-01-14,262.673126
2022-01-18,256.537476
2022-01-19,254.390442
2022-01-20,253.129791
2022-01-21,250.825211
2022-01-24,248.10701
2022-01-25,245.497131
2022-01-26,244.502396
2022-01-27,241.61676
2022-01-28,244.630417
2022-01-31,244.295593
2022-02-01,244.837265
2022-02-02,250.618408
2022-02-03,246.964554
2022-02-04,247.151672
2022-02-07,244.433456
2022-02-08,251.238861
2022-02-09,256.281372
2022-02-10,251.573715
2022-02-11,247.84111
2022-02-14,246.659256
2022-02-15,254.804062
2022-02-16,255.660919
2022-02-17,247.772156
2022-02-18,244.384216
2022-02-22,246.422882
2022-02-23,249.78125
2022-02-24,253.799545
2022-02-25,261.767059
2022-02-28,259.363983
2022-03-01,258.64502
2022-03-02,264.426178
2022-03-03,262.436768
2022-03-04,263.057251
2022-03-07,249.574463
2022-03-08,241.990997
2022-03-09,245.910767
2022-03-10,244.610733
2022-03-11,244.019821
2022-03-14,242.128876
2022-03-15,250.490372
2022-03-16,258.192017
2022-03-17,260.00415
2022-03-18,263.29361
2022-03-21,261.767059
2022-03-22,262.929199
2022-03-23,251.603271
2022-03-24,259.029175
2022-03-25,261.973907
2022-03-28,266.031525
2022-03-29,268.838409
2022-03-30,265.742981
2022-03-31,263.975586
2022-04-01,265.654083
2022-04-04,261.773712
2022-04-05,265.111023
2022-04-06,264.81485
2022-04-07,266.759979
2022-04-08,266.068848
2022-04-11,260.016144
2022-04-12,259.107758
2022-04-13,260.312408
2022-04-14,258.396881
2022-04-18,255.691467
2022-04-19,268.241058
2022-04-20,272.881714
2022-04-21,266.621735
2022-04-22,245.175888
2022-04-25,250.626221
2022-04-26,245.758423
2022-04-27,246.005264
2022-04-28,248.918045
2022-04-29,238.214859
2022-05-02,233.979019
2022-05-03,234.867661
2022-05-04,242.865417
2022-05-05,238.313599
2022-05-06,237.049774
2022-05-09,226.119476
2022-05-10,224.638397
2022-05-11,223.858383
2022-05-12,225.122238
2022-05-13,230.325714
2022-05-16,230.898392
2022-05-17,236.111755
2022-05-18,229.279099
2022-05-19,227.590668
2022-05-20,229.318588
2022-05-23,230.10849
2022-05-24,230.335587
2022-05-25,232.043747
2022-05-26,231.974625
2022-05-27,233.514938
2022-05-31,231.540207
2022-06-01,225.122238
2022-06-02,231.43158
2022-06-03,226.129349
2022-06-06,225.27034
2022-06-07,227.788147
2022-06-08,223.809021
2022-06-09,216.206207
2022-06-10,213.66864
2022-06-13,204.486023
2022-06-14,198.048325
2022-06-15,199.953949
2022-06-16,193.229904
2022-06-17,191.640228
2022-06-21,193.229904
2022-06-22,194.266647
2022-06-23,197.534882
2022-06-24,201.849716
2022-06-27,200.566147
2022-06-28,195.303421
2022-06-29,197.607147
2022-06-30,197.111725
2022-07-01,201.996658
2022-07-05,200.173477
2022-07-06,198.924988
2022-07-07,199.8564
2022-07-08,199.0439
2022-07-11,195.625427
2022-07-12,193.931076
2022-07-13,192.405136
2022-07-14,190.621597
2022-07-15,192.979843
2022-07-18,187.540024
2022-07-19,195.496628
2022-07-20,196.239777
2022-07-21,198.409744
2022-07-22,197.597244
2022-07-25,199.668137
2022-07-26,202.541641
2022-07-27,209.86409
2022-07-28,217.028
2022-07-29,212.787125
2022-08-01,211.538651
2022-08-02,211.300842
2022-08-03,213.926605
2022-08-04,212.271881
2022-08-05,213.817612
2022-08-08,215.333633
2022-08-09,212.985291
2022-08-10,217.196442
2022-08-11,216.017319
2022-08-12,221.080612
2022-08-15,222.51738
2022-08-16,222.111115
2022-08-17,219.406052
2022-08-18,218.821442
2022-08-19,216.146149
2022-08-22,210.409058
2022-08-23,207.228409
2022-08-24,210.557693
2022-08-25,214.709396
2022-08-26,205.107956
2022-08-29,204.90979
2022-08-30,203.393768
2022-08-31,203.324402
2022-09-01,204.790863
2022-09-02,201.897552
2022-09-06,200.876999
2022-09-07,209.279495
2022-09-08,218.266571
2022-09-09,227.897736
2022-09-12,229.711014
2022-09-13,223.78566
2022-09-14,224.122559
2022-09-15,224.647705
2022-09-16,219.227707
2022-09-19,218.861099
2022-09-20,215.967789
2022-09-21,210.527969
2022-09-22,206.970779
2022-09-23,205.038605
2022-09-26,201.402145
2022-09-27,200.827438
2022-09-28,203.938751
2022-09-29,204.291687
2022-09-30,201.368683
2022-10-03,208.62648
2022-10-04,214.552002
2022-10-05,214.870148
2022-10-06,210.197327
2022-10-07,207.314117
2022-10-10,206.797119
2022-10-11,210.237106
2022-10-12,207.443359
2022-10-13,212.861847
2022-10-14,207.920593
2022-10-17,214.382996
2022-10-18,213.677094
2022-10-19,215.436859
2022-10-20,213.199875
2022-10-21,217.047501
2022-10-24,219.224838
2022-10-25,223.320999
2022-10-26,227.268036
2022-10-27,226.959839
2022-10-28,227.904343
2022-10-31,227.914291
2022-11-01,218.8172
2022-11-02,210.744156
2022-11-03,204.321503
2022-11-04,209.759888
2022-11-07,212.285202
2022-11-08,208.62648
2022-11-09,205.96199
2022-11-10,217.693741
2022-11-11,222.992905
2022-11-14,217.723572
2022-11-15,220.68634
2022-11-16,219.980423
2022-11-17,217.713623
2022-11-18,222.316849
2022-11-21,223.350815
2022-11-22,225.210022
2022-11-23,228.958206
2022-11-25,231.394058
2022-11-28,225.955688
2022-11-29,225.886078
2022-11-30,232.537399
2022-12-01,239.377609
2022-12-02,241.704086
2022-12-05,236.524185
2022-12-06,234.177841
2022-12-07,240.680023
2022-12-08,246.406723
2022-12-09,243.215302
2022-12-12,247.729019
2022-12-13,252.481384
2022-12-14,252.352142
2022-12-15,243.583145
2022-12-16,238.452988
2022-12-19,237.647675
2022-12-20,237.220154
2022-12-21,240.143143
2022-12-22,240.371826
2022-12-23,241.435638
2022-12-27,242.618759
2022-12-28,240.262466
2022-12-29,244.840134
2022-12-30,243.832855
2023-01-03,245.368698
2023-01-04,251.81134
2023-01-05,249.148529
2023-01-06,255.561234
2023-01-09,260.298462
2023-01-10,263.100922
2023-01-11,258.114349
2023-01-12,255.660965
2023-01-13,259.121643
2023-01-17,255.710831
2023-01-18,251.342606
2023-01-19,252.629135
2023-01-20,255.531311
2023-01-23,256.797882
2023-01-24,255.062576
2023-01-25,252.270096
2023-01-26,251.731552
2023-01-27,253.486816
